Year,State,District,Contractor,Contract,Mod Number,NASA Center,Place of Performance,Award Date,Completion Date,Award Type,Contractor Type - Indicators,Obligations,Change in Award Value,NAICS Code,TAS Code,Solicitation ID,Solicitation POC,Description
2023,HI,HI-02,California Association For Research In Astronomy,80NSSC18M0066,Modification P00012,NSSC - NASA Shared Services Center,"KAMUELA, HI (District 02)",04/13/2023,02/28/2023, Cooperative Agreement,"Non-Profit Institutions - Corporate Entity Tax Exempt, Nonprofit Organization","$249,148",$0,[None Indicated],,,,"This proposal to NASA BY the california association for research in astronomy (CARA) dba w. m. keck observatory (WMKO) is for renewal of the cooperative agreement award for support of NASA missions and NASA scientific research at WMKO, which operates the world s two (2) largest steerable optical and infrared telescopes on the summit of maunakea on the island of hawaii. NASA utilizes one-sixth of the annual operation capability of WMKO, having invested one-sixth of the capital costs and one-sixth of the operations costs since circa 1996. there has been a wealth of scientific results coming from the DYNAMIC scientific relationship between NASA missions such AS hubble space telescope (hst), spitzer, kepler, k2, chandra, herschel, WISE, galex, voyager, galileo, deep impact, cassini, new horizons, and the keck observatory. we propose here to extend that productive relationship to future NASA missions jwst, TESS, wfirst, euclid, mars 2020, and other MIDEX, SMEX, discovery, and new frontiers missions. the link between NASA and WMKO is powerful. NASA s space based discoveries inform and are informed BY the findings of its ground based partner, the w. m. keck observatory. NASA related projects are proposed BY the us community to nexsci and are awarded observing time provided BY NASA. this has proven productive in the past. a PRIME example is when kepler discovered objects transiting stars, WMKO undertook key observations that established that the candidate exosolar planets were indeed valid exosolar planets, and measured their masses, leading to the achievement of one of NASA s level 1 science goals: making a census of planetary systems down to the level of earth-sized planets. when spitzer and hst both detected an object in the distant universe, WMKO delivered the exact redshift of 8.68, well within the region that was thought to be the dark age before reionization. the research program enabled BY the NASA/WMKO partnership maps directly to the astrophysical and planetary priorities of NASA: the origin and evolution of the universe, the processes for life on other planets, the processes of formation of stars, galaxies, and planets, and the content, origin, and evolution of the SOLAR system and the potential for life elsewhere. the scope of the astrophysics and planetary science is breathtaking, ranging from the birth of the universe and the development of stars and galaxies over cosmic time, to the search for life on planets around other stars, to the formation, evolution, and possibility of life on other planets in our own SOLAR system. the two 10-meter primary apertures, diverse instrument suite including adaptive optics and the superb location on maunakea make WMKO an extraordinarily powerful and unique facility for addressing the research areas described above. additionally, WMKO CAN react quickly to NASA mission needs, rearranging nights on short notice. the track record of discoveries BY scientists using the WMKO in conjunction with NASA missions over the last two (2) decades gives strong testimony to that CASE. the program corresponding to NASA s in-guide funding amount provides NASA one-sixth of WMKO operations support and, in collaboration with the NASA exoplanet science institute (nexsci), WMKO will continue its Keck Observatory Archive (KOA) activities. in addition, we submit here an over-guide that allows for the development of data reduction pipelines (drps) over a period of five (5) years, to speed the reduction of new data with improved tools and to ACCESS the information inherent in 25 years of  the keck sky  easily and efficiently for all users. this proposal consolidates all direct NASA support for WMKO into one award."
2023,CA,CA-16,Bay Area Environmental Research Institute,80NSSC19M0193,Modification P00012,NSSC - NASA Shared Services Center,"MOUNTAIN VIEW, CA (District 16)",05/23/2023,07/31/2023, Cooperative Agreement,"Non-Profit Institutions - Corporate Entity Tax Exempt, Nonprofit Organization","$89,445",$0,[None Indicated],,,,"For over three decades, NASA has continuously funded laboratory astrophysics and astrochemistry work at ames focused on measuring and computing the spectra of polycyclic aromatic hydrocarbons (pahs). during this time, the experimental facilities have evolved and diversified into several laboratories within the ames astrophysics and astrochemistry group. these facilities now cover a broad range of wavelengths (UV-tofir) and are set to address a wide scope of astrophysical issues of interest to both the astrophysics division and the planetary science division at NASA. the group now provides spectral diagnostics, theoretical calculations, and analytical tools for species ranging from free flying molecules to ices and dust particles present in interstellar, circumstellar and planetary environments. motivated to enable the scientific community to conduct research supporting NASA projects and missions such AS the kao (initially), then spitzer and SOFIA, and soon jwst, this ongoing effort has culminated in the NASA ames PAH IR spectroscopic database (pahdb), a NASA database containing thousands of infrared PAH spectra coupled to a set of innovative astronomical models and tools."
2023,CA,CA-16,Seti Institute,NNX16AB90A,Modification 9,NSSC - NASA Shared Services Center,"MOUNTAIN VIEW, CA (District 16)",02/01/2023,01/03/2022, Cooperative Agreement,"Non-Profit Institutions - Corporate Entity Tax Exempt, Nonprofit Organization","$-754,689","$-754,689",[None Indicated],,,,"Reaching for the stars: NASA science for girl scouts a.k.a. girl scout stars brings together girl scouts gs, their volunteers and adult leaders with NASA science mission directorates research and discoveries through an informal education program. our goal is to integrate girl scout stars throughout the gs national movement for girls in grades k-12, including the creation of a new astronomy badge at every girl scout age level. with best practices, we engage girls and leaders with the fundamental science, technology, engineering and mathematics STEM understandings that underpin our human quest to explore the universe. through early and sustained exposure to the people and assets of NASA and the excitement of nasas mission, girls and leaders explore STEM content, discoveries, and careers. girl scout stars partners are experienced formal and informal gs STEM educators: seti institute PI e. devore, astronomical society of the pacific asp, s. gurton, University of Arizona u of az, d. mccarthy and l. lebofsky, and adnet l. mayo at Goddard Space Flight Center. mayo has trained gs leaders and supports 150 after school astronomy clubs worldwide. since 2002, u of azs has trained 250 gsusa leaders 80 councils in 41 states in a nircam jwst outreach program, and brings this strong network to girl scout stars. in partnership with girl scouts of northern california gsnc, m. park and j. fahy, we develop, test, publish, and provide online training. to assure DYNAMIC content, we link to resources such AS nasas wavelength, image of the day, astronomy and earth science picture of the day. the girl scouts of the united states of america gsusa, g. love, k. kokjohn poehler, w. friedman, and s. swanson are implementing 21st century learning technologies with a new volunteer toolkit for gs leaders working with 5 to 11 year-old girls expanding later for leaders of 12 to 17 year old girls. traditional paper publications are moving online for todays tech savvy gs leaders who prefer just in time materials and asynchronous learning. we understand the wealth of materials available through NASA and our organizations we will adapt rather than reinvent effective activities. the gsnc leads dissemination of girl scout stars to the over 100 other gs councils with support of gsusa. through professional development of gs leaders, girl scout stars enhances public science literacy. girl scout stars supports national STEM education and public science literacy through informal, out-of-school experiences. gs leaders and girls benefit. the training for leaders and the girl scout stars materials support troop activities and camp-outs for the younger girls. for older girls, we enhance summer camp activities, support in-depth experiences like the u of azs astronomy camp and destination events like the total SOLAR eclipse in 2017. we partner with the night sky network NSN to engage amateur astronomers with gs, a benefit for both organizations. NSN clubs seek ways to interest young people, especially girls, in amateur astronomy, and gs benefit from the knowledge and telescopes of the NSN: a win-win partnership. asp manages NSN and provides training in best practices for working with girls and leaders. in parallel with the development of girl scout stars for the younger gs, the u of az adult leader astronomy camp, and leadership training are conducted PI and co-is.    reach:  there are 2,000,000 girl scouts and 800,000 volunteer leaders in the USA. three quarters 1.5 million are ages 5 to 11. these young girls and their leaders are our primary audience.  initially, we work with the gsnc 50,000 girl members and 31,000 volunteers we EXPAND across the USA via the network of gs councils over five years. girl scout stars supports smds science education objectives and nasas STEM engagement and Educator Professional Development lines of business. the girl scout research institute at gsusa leads program evaluation."
2023,NY,NY-25,Rochester Institute Of Technology (Inc),80NSSC18K0297,Modification P00005,NSSC - NASA Shared Services Center,"ROCHESTER, NY (District 25)",02/14/2023,12/31/2021,"Grant, Grant For Research","Educational - Corporate Entity Tax Exempt, Educational Institution, Nonprofit Organization, Private University Or College","$-3,338","$-3,338",[None Indicated],,,,"We propose to develop commercially available digital micromirror devices (dmds) for use in the FAR Ultraviolet (fuv) and NEAR Ultraviolet (nuv) regimes of 100 nm   400 nm, using recently developed fuv mirror coatings. dmds CAN be used AS rapidly reconfigurable  slit mask  object-selectors in space-based UV multi object spectrometers (mos). currently, dmds are the only alternative to microshutter arrays, which were developed for the infrared mos on the james webb space telescope. the need for an efficient UV mos has been identified AS a priority 1 technological gap BY the general community, according to the Cosmic Origins 2016 program annual technology report. there are several missions currently in the planning process, which are developing concepts for multi-object spectrometers. for example both luvoir and habex plan to include such an instrument, working into the UV. several smaller dedicated spectroscopic survey missions based around a highly multiplexed spectrometer have also been proposed. the choice of slit selector for such instruments is limited. while microshutter arrays are currently viewed AS the frontrunner, the previous generation of microshutters has limitations and the next generation is still in early development. we have worked extensively on space qualification of the texas instruments dmds and have shown the current generation of these devices to be ideal for space applications. however the deep UV (100 nm -300 nm) reflectivity of such devices needs to be substantially higher. we will re-coat commercially available dmds (which use aluminum alloy mirrors) with high reflectivity aluminum, which is protected BY an overcoat using recently developed fuv-enhanced thin films (lif and alf3). these protected aluminum coatings were developed to have a high reflectivity in the fuv range of 100 nm   300 nm BY two recent SAT projects. this work will build on our own previous SAT-funded efforts to determine the usability of dmds in space and to extend their use into the nuv range of 200 nm   400 nm. AS PART of this work we will produce re-coated dmds with a high reflectivity in the fuv (with and without a protective window) and investigate the susceptibility of these devices to damage due to long exposures to highly energetic fuv photons. dmds that operate in the fuv range will provide an alternative to microshutter arrays and help close a critical technology gap in fuv/nuv astronomy."
2023,KY,KY-06,University Of Kentucky,80NSSC18K0525,Modification P00006,NSSC - NASA Shared Services Center,"LEXINGTON, KY (District 06)",07/18/2023,02/14/2023,"Grant, Grant For Research","Educational - 1862 Land Grant College, Corporate Entity Tax Exempt, Educational Institution, Nonprofit Organization","$-12,623","$-12,623",[None Indicated],,,,"The launch of the james webb space telescope (jwst) will mark an exciting new round of discovery in the study of active galactic nuclei (agn), starburst galaxies, and protogalaxies."
2023,PA,PA-12,"Pennsylvania State University, The",80NSSC18K1114,Modification P00003,NSSC - NASA Shared Services Center,"UNIVERSITY PARK, PA (District 12)",11/29/2022,08/31/2019,"Grant, Grant For Research","Educational - 1862 Land Grant College, Corporate Entity Tax Exempt, Educational Institution, Other Not For Profit Organization","$-6,491","$-6,491",[None Indicated],,,,"The Transiting Exoplanet Survey Satellite (TESS), set to launch in march, will perform a two-year all-sky survey with the primary goal of detecting small neptune and earth-like analogues around bright, nearby stars. the resulting set of extrasolar planets will serve AS targets for nasas james webb space telescope (jwst) to observe and characterize their atmospheres. this proposal will create a large, ground-based, high-precision spectroscopic follow-up program to robustly vet TESS objects of interest (tois). tois are systems which show a transit and may be genuine exoplanets. while the TESS team and the astrophysical community have developed some ideas for vetting, this proposal greatly complements the existing tools BY bringing in new observational instruments adept for classifying and dynamically characterizing tois. this proposal will use the apache point observatory galaxy evolution experiment (apogee) spectrograph on the sloan foundation 2.5-meter telescope, the habitable zone planet finder (hpf) on the hobby-eberly telescope, and the NASA/NSF sponsored nnexplore exoplanet investigations with doppler spectroscopy (neid) spectrograph on the wiyn telescope. apogee is capable of observing 300 stars simultaneously at a precision necessary to  if a toi is an exoplanet or an astrophysical false positive. it has currently observed over 70,000 TESS stars, most with multiple observations. hpf and neid CAN only observe one target but at the precision necessary to derive precise exoplanets masses. apogee data will cull a large number of tois to define a subset of TESS stars hosting true planets in need of further characterization BY hpf and neid. the end product is a subset of tois with precise dynamical masses and radii that CAN be observed BY jwst. this proposal is directly aligned with the theme of exoplanet exploration within the solicitation and the broader goals of NASA to discover and study planets around other stars and explore whether they could harbor life. there is a direct application to the success of TESS and jwst, two current NASA missions, BY providing a set of verified exoplanets with precise masses and radii. future programs, such AS the proposed missions contribution to the atmospheric remote-sensing exoplanet large-survey spectroscopy of exoplanets (CASE) or fast infrared exoplanet spectroscopy survey explorer (finesse), which are designed to explore the atmosphere of ed exoplanets, will also benefit from the results from this proposal BY conserving limited observation time for the highest priority planets"
2023,AZ,AZ-04,Arizona State University,80NSSC19K0293,Modification P00005,NSSC - NASA Shared Services Center,"TEMPE, AZ (District 04)",04/22/2023,02/19/2024,"Grant, Grant For Research","Educational - Educational Institution, State Controlled Institution of Higher Learning, State Government, US Government Entity",$0,$0,[None Indicated],,,,"The field of exoplanet atmospheres has matured enough to the point where we CAN begin to ask fundamental questions regarding planetary climate, composition, atmosphere-planet formation links, and provide context for understanding our own SOLAR system planets. the community has leveraged the power of numerous ground and space based observatories to characterize a diverse range of planets ranging from hot jupiters to terrestrial sized, potentially Habitable Worlds. much of the atmospheric characterization work to date has focused on results from low dispersion spectroscopy (lds) and photometry from space-based instruments like the hubble and spitzer space telescopes. while we owe much of our exoplanetary atmosphere insights from such observations, they are limited in the accessibility of certain molecules and atmospheric regions probed, due to low resolution and sparse wavelength coverage. jwst will solve many of these problems, however it is a limited resource and it is prudent that we have independent and robust alternative methods that leverage numerous ground-based facilities an exciting emerging approach for characterizing atmospheres is high dispersion cross-correlation spectroscopy (hdccs). hdccs leverages the large number of molecular lines attainable at high resolutions (r&gt;30,000) and large ground bases apertures to robustly detect molecules. this is the only method to have robustly detected carbon-based molecules in transiting exoplanet atmospheres. however, little work has focused on the ability to constraint the abundances of molecules, vertical temperature structures, and other fundamental atmospheric properties from hdccs data in a rigorous way. one of the primary challenges in doing so is placing the hdccs within a robust atmospheric retrieval framework, a widely applied key tool in lds data interpretation. our team has recently pioneered placing hdccs and lds within in a common retrieval framework to maximize atmospheric constraints. additionally, recently commissioned instruments such AS carmenes, giano, ishell, igrins, and espresso have greatly improved the prospects of atmospheric constraints from hdccs observations. we propose to leverage the power of hdccs combined with bayesian atmospheric retrieval methodologies to:-determine previously undetermined bayesian confidence intervals on atmospheric properties (molecular composition, thermal structures, elemental ratios) derived from current archival high-resolution datasets of transiting planets, such AS those from vlt crires and keck nirspec. -develop a unified bayesian retrieval framework that combines lds (r&lt;~5,000,e.g., hst, jwst) and hdccs, AS well AS identify the strengths and weaknesses of each method. -investigate the potential constraints for molecules presumed to be present in temperate terrestrial planets and identify high resolution wavelength regimes that are most amenable to precision abundance constraints, with applications to the next generation of large telescopes like tmt and gmt. we will explore these objectives within the context of all transit geometries and wavelength regimes, including transmission, emission, phase resolved, and reflected light. our team is uniquely suited to accomplish these goals both from a hddccs and lds data analysis perspective AS well AS the theoretical modeling. the proposed work will directly address the NASA xrp goal of understanding exoplanetary systems BY refining and stress testing the key tools used to characterize exoplanets and their atmospheres in order to inform target and operational choices for current NASA missions, and/or targeting, operational, and formulation data for future NASA observatories . application of this unified framework will allow us to gain a better idea of the data required to understand the chemical and physical processes of exoplanets (including the state and evolution of their atmospheres)"
2023,CO,CO-02,"Regents Of The University Of Colorado, The",80NSSC19K0345,Modification P00009,NSSC - NASA Shared Services Center,"BOULDER, CO (District 02)",02/10/2023,03/31/2023,"Grant, Grant For Research","Educational - Educational Institution, State Controlled Institution of Higher Learning, State Government, US Government Entity","$100,000",$0,[None Indicated],,,,"We will carry out these aims with two additional launches of the payload developed under the predecessor award, and the development and flight testing of the new ifs instrument. all work will be performed in a university environment with a long history of postdoctoral and student training in UV astrophysics, heliophysics, and planetary science. in the FIRST two years of the proposed work, we will fly the dual-channel Extreme Ultraviolet continuum experiment (deuce) payload twice: FIRST to complete the ionizing radiation census of local b stars, and then to obtain the FIRST EUV spectra of the nearest main-sequence stars. our group recently completed the FIRST flight of deuce to observe the ionizing spectrum of one of the only two b-stars with sufficiently low intervening neutral hydrogen column: beta canis majoris. a NASA vehicle subsystem failure prevented successful target acquisition on this flight, so in year 1 of the proposed work we will launch deuce to recover the original science mission. in year 2, we will fly deuce from australia to obtain the FIRST 500 - 900 angstrom spectrum of the potential exoplanet host stars alpha centauri a and b. the long-term stability of rocky planet atmospheres is driven BY EUV radiation from their parent stars, although this quantity is almost completely unconstrained BY direct observation. deuce will constrain the exoplanet climate models used to interpret the FIRST atmospheric spectra of earth-like planets that will be obtained in the coming decades with jwst, luvoir/ habex, and other forthcoming NASA missions."
2023,HI,HI-01,University Of Hawaii Systems,80NSSC19K0597,Modification P00004,NSSC - NASA Shared Services Center,"HONOLULU, HI (District 01)",04/22/2023,02/25/2024,"Grant, Grant For Research","Educational - Educational Institution, Native Hawaiian Servicing Institution, State Controlled Institution of Higher Learning, State Government, US Government Entity",$0,$0,[None Indicated],,,,"The kepler/k2 mission has revolutionized asteroseismology BY detecting oscillations in thousands of stars from the main-sequence to the RED giant branch. BY providing accurate radii, masses and ages, these stars have become benchmarks for addressing problems in stellar astrophysics, exoplanet science and galactic astronomy, such AS age-rotation relationships for SOLAR-type stars, the composition of super-earth sized planets, and the study of galactic stellar populations. however, our sample of dwarfs and subgiants with asteroseismic data is small because detection requires scarce short cadence imaging, and only a fraction of the short cadence targets in kepler have been characterized. BY contrast, there is a rich data set of RED giant asteroseismology from kepler and k2, but the dwell time for k2 and TESS is too short to detect asteroseismic signals directly in luminous and scientifically interesting targets. in this proposal we address both problems, capitalizing on the vastly improved classification of kepler/k2 targets provided BY gaia parallaxes. we will FIRST dramatically increase the size of the high-quality dwarf and subgiant asteroseismic sample from kepler. we propose a homogeneous analysis of the recently re-processed q1-17 kepler short-cadence data, which corrected data calibration errors that affected prior seismic analysis efforts. for dwarfs and subgiants we will combine well tested frequency-autocorrelation methods with ground-based spectroscopy and adaptive optics imaging to compile a legacy catalog of asteroseismic observables, fundamental parameters, and possible companion stars. furthermore we will calibrate stellar granulation diagnostics of surface gravity for high luminosity giants using data from the original kepler mission, star clusters and gravities from ground-based spectroscopic surveys. BY applying this novel technique to 12500 high-luminosity giants we will significantly increase the reach of galactic populations studied BY k2. our novel method will also be a pathfinder for analogous applications to thousands of high-luminosity giants observed with TESS. combined, these datasets will allow us to 1) investigate variations in age-rotation relationships (gyrochronology) for SOLAR-type stars, 2) identify new asteroseismic exoplanet host stars to validate exoplanet population trends such AS the ""hot super-earth desert"" and the gap between super-earth and sub-neptune sized planets, 3) test the relation between stellar multiplicity and oscillation amplitudes and 4) discover distant, high-luminosity HALO giants observed BY k2, potentially leading to an ensemble age measurement of the galactic HALO. our program will provide legacy data products for asteroseismic kepler/k2 stars, including power spectra, asteroseismic observables, and fundamental parameters. these products will be of enormous value for a variety of topics in stellar astrophysics and exoplanet science, including gyrochronology, tests of stellar interior models, and calibrations of indirect methods such AS spectroscopy. benchmark stars with well determined fundamental properties are also essential for the accurate characterization of exoplanets with future NASA missions such AS TESS, jwst and wfirst."
2023,MA,MA-05,Smithsonian Institution,80NSSC19K0698,Modification P00004,NSSC - NASA Shared Services Center,"CAMBRIDGE, MA (District 05)",03/01/2023,03/25/2024,"Grant, Grant For Research",Non-Profit Institutions - Nonprofit Organization,$0,$0,[None Indicated],,,,"Astronomical observations in the mid/FAR-infrared wavelengths continue to advance our understanding of the evolution of stars and galaxies. the fine structure emission lines in the mid/FAR-infrared wavelengths arising from, for example, highly-charged atomic ions (mid-IR) and oxygen atoms (FAR-IR) are important targets of observations with the NASA astrophysics missions jwst and/or SOFIA, AS well AS the archival past missions herschel, spitzer, and the infrared space observatory (ISO). in the CASE of ions, because they are created BY high energy phenomena originating in cores and shocks of astronomical objects, their fine structure lines bridge data from these missions to data from, for example, chandra, AS well AS to optical data from hst. the fine structure emission lines are highly valued diagnostics of energies and densities in galaxies, planetary nebulae, and stars and AS probes of warm gases in circumstellar disks and outflows. diagnostic values of the fine structure emission lines depend on the ionization potentials of the ions AS well AS their fine structure transitions (leading to emission lines) in response to collisions with electrons, hydrogen atoms, and other species. we will provide reliable calculations of fine structure changing collisions of [o i] and h, [ne II] and h, and [ne III] and h using a fully quantum-mechanical scattering approach. the associated excitation and cooling rate coefficients will be applicable to modeling of astrophysical phenomena observed using mid/FAR-infrared astronomical spectroscopy and traced through gas around active galactic nuclei and irradiated protoplanetary disks, with particular relevance to jwst/MIRI, including several early release science projects. the data will lead to better models of ionic fine structure lines AS diagnostics of astrophysical environments using spectroscopic observations from air- and space-borne missions in the mid- and FAR-infrared wavelengths."
2023,IL,IL-09,Northwestern University,80NSSC19K1523,Modification P00003,NSSC - NASA Shared Services Center,"EVANSTON, IL (District 09)",01/25/2023,12/31/2021,"Grant, Grant For Research","Educational - Educational Institution, Nonprofit Organization, Private University Or College","$-5,188","$-5,188",[None Indicated],,,,"The search for life beyond earth is one of the cornerstone questions in the planetary science community, and a primary motivation behind a range of NASA's ground-based and space-bourne missions. in the NEAR future, the james webb space telescope and direct imaging missions (e.g., luvoir and habex) will characterize the atmospheres of nearby rocky exoplanets."
2023,MD,MD-04,University Of Maryland,80NSSC20K0269,Modification P00004,NSSC - NASA Shared Services Center,"COLLEGE PARK, MD (District 04)",06/13/2023,12/31/2022,"Grant, Grant For Research","Educational - 1862 Land Grant College, Educational Institution, State Controlled Institution of Higher Learning, State Government, US Government Entity",$0,$0,[None Indicated],,,,"The proposed work is relevant to the xrp call, AS it directly addresses open questions about atmospheric chemistry, surface physics, radiation, energy content and dynamics for rocky exoplanets in a self-consistent way. it will allow us to maximize the scientific returns of NASA's TESS mission BY improving our understanding of possible climates on rocky planets and serving AS a fundamental basis for future follow-up observations of those planets with NASA's jwst."
2023,NY,NY-25,University Of Rochester,80NSSC20K0622,Modification P00004,NSSC - NASA Shared Services Center,"ROCHESTER, NY (District 25)",12/29/2022,04/30/2023,"Grant, Grant For Research","Educational - Corporate Entity Tax Exempt, Educational Institution, Nonprofit Organization, Private University Or College",$0,$0,[None Indicated],,,,"We will produce the FIRST entries in a library of spectroscopic signs of extraterrestrial technology ( technosignatures"") and develop a theoretical and modeling framework for populating the library. our long-term goal is to use this library to develop a comparative framework for evaluating both the strength and non-ambiguity of proposed non-radio technosignatures in exoplanetary spectroscopy from NASA missions such AS jwst, AS they begin to search for signs of life in transmission and, eventually, reflection spectra of exoplanets."
2023,SC,SC-06,University Of South Carolina,80NSSC20K0887,Modification P00006,NSSC - NASA Shared Services Center,"COLUMBIA, SC (District 06)",05/25/2023,05/31/2024,"Grant, Grant For Research","Educational - Educational Institution, Nonprofit Organization, State Controlled Institution of Higher Learning",$0,$0,[None Indicated],,,,"Interstellar Dust makes up a tiny fraction of the baryonic mass of a galaxy, but it CAN greatly alter the galaxy s appearance BY reddening and attenuating the light emitted BY the galaxy. moreover, dust influences the physical properties of the gas in the galaxy BY affecting processes such AS cooling and molecule formation. given the importance of dust, it is crucial to understand its nature and formation, and to correct for its effects while inferring properties of stars and galaxies from observations. it is especially critical to understand dust in the distant universe, in order to interpret future observations of distant galaxies with upcoming facilities such AS the james webb space telescope."
2023,CA,CA-19,"University Of California, Santa Cruz",80NSSC22K0236,Modification P00001,NSSC - NASA Shared Services Center,"SANTA CRUZ, CA (District 19)",05/15/2023,12/31/2024,"Grant, Grant For Research","Educational - 1862 Land Grant College, Educational Institution, Hispanic Servicing Institution, State Controlled Institution of Higher Learning, State Government, US Government Entity","$124,556",$0,[None Indicated],,,,"Objectives: the goal of this theoretical proposal is to systematically investigate the formation, distribution and observational consequences of haze and clouds (aerosols) on warm and hot tidally locked exoplanets, such AS hot jupiters and warm neptunes. haze and clouds are ubiquitous in exoplanetary atmospheres. they exhibit complex behaviors and have significant influences on transmission, emission and reflection spectra and light curve observations. recent aerosol formation models have demonstrated the importance of bin-scheme microphysics and fractal aggregate physics to interpret the observations from hubble space telescope (hst) and spitzer telescope collected in the past decade. but the detailed microphysical mechanisms and their impacts on interpretations of the observational data remain poorly understood. this will significantly hinder the understanding of the highquality data in the upcoming james webb space telescope (jwst) era. in this project, we plan to achieve three specific objectives: (1) understanding the inhomogeneous spatial distribution and size distribution of aerosol particles on tidally locked gas giants with equilibrium temperatures, different metallicities, and transport processes. (2) systematically investigating chemical haze formation on warm neptunes and identify possible systematic trends in observational signatures. (3) exploring the vapor depletion due to cloud condensation on hot gas giants where the distribution of some condensational elements (such AS magnesium and iron) CAN be detected in the upper atmospheres. methodology: we will use a new modeling framework including a 2d (longitude-pressure) bin-scheme aerosol microphysical model with radiative transfer, gas chemistry and zonal wind transport. our approach treats the chemistry and cloud formation in detail but simplifies the atmospheric dynamics. this innovative approach is complementary to the common approach in the field that simulates the clouds in a dynamical model with simplified cloud formation schemes. we will use our models to systematically explore the fundamental mechanisms that govern the aerosol formation, spatial distribution and particle size distribution on hot jupiters and warm neptunes. we will construct synthetic spectra and phase curves based on the simulations and compare with the existing hst and spitzer observations and predict observations for future jwst observations. relevance and perceived significance: this work will not only shed light on the mechanisms underlying various observations of exoplanets to date, but will also provide cutting-edge theoretical tools in aid of interpretation of observations on exoplanets for jwst. the proposed work is directly relevant to the NASA exoplanet research program (xrp) AS our aerosol study will advance our knowledge and understanding of ""the chemical and physical processes of exoplanets (including atmospheres)"". the simulated spectra and light curves will be ""improving the interpretation of data on exoplanetary systems, through collection and interpretation of laboratory data for comparison to observations and/or providing an observationally testable prediction or theory."" this work will ""support past and current NASA missions"" such AS hst, spitzer, jwst and roman, and ""facilitate the formulation and development of future NASA missions and strategic exoplanet programs."" .."
2023,MD,MD-07,"Johns Hopkins University, The",80NSSC22K1752,Modification P00001,NSSC - NASA Shared Services Center,"BALTIMORE, MD (District 07)",06/01/2023,08/31/2025,"Grant, Grant For Research","Educational - Corporate Entity Tax Exempt, Educational Institution, Nonprofit Organization, Private University Or College","$49,926",$0,[None Indicated],,,,Characterizing exoplanetary systems with jwst(student: kadin worthen)
2024,CA,CA-16,Seti Institute,80NSSC17M0074,Modification P00015,NSSC - NASA Shared Services Center,"MOUNTAIN VIEW, CA (District 16)",08/09/2024,08/09/2025, Cooperative Agreement,"Non-Profit Institutions - Corporate Entity Tax Exempt, Nonprofit Organization",$0,$0,[None Indicated],,,,"The study of brown dwarfs [objects too low in mass to support nuclear reactions in their interiors] and extra SOLAR planets requires a knowledge of the physical characteristics of their atmospheres in order to interpret observations or to construct theoretical models. the purpose of this proposal is to use the latest available data on atomic and molecular transitions to generate tables of opacities over a wide range of temperatures and pressures applicable to these objects. this involves assembling the latest data on various atomic and molecular species and generating detailed opacities using the best available information on spectral line shape and line broadening. a complete suite of computer programs now exists to carry out these tasks and new improvements and upgrades are anticipated AS a PART of this project. currently this data is used extensively to generate theoretical models and to interpret observational data both for our own group and for outside collaborators. AS the quality of the observations of these objects improves due to new and improved instruments and the introduction of future space based telescopes it will become more important to have available the best possible opacity data that, AS FAR AS possible, approaches the quality usually seen in laboratory spectra. a sound knowledge of the characteristics of the spectra of these objects will influence the design of future instruments including space based observatories such AS wfirst and jwst and give a better indication of what they CAN be expected to achieve when in operation."
2024,MS,MS-01,The University Of Mississippi,80NSSC24M0132,Modification P00001,NSSC - NASA Shared Services Center,"UNIVERSITY, MS (District 01)",08/28/2024,08/31/2025, Cooperative Agreement,"Educational - Educational Institution, State Controlled Institution of Higher Learning, State Government, US Government Entity",$0,$0,[None Indicated],,,,Quantum chemical computation of PAH spectral features in the age of jwst
2024,WA,WA-07,University Of Washington,80NSSC17K0349,Modification P00010,NSSC - NASA Shared Services Center,"SEATTLE, WA (District 07)",08/06/2024,08/31/2022,"Grant, Grant For Research","Educational - Educational Institution, Local Government, State Controlled Institution of Higher Learning, US Government Entity","$-80,285","$-80,285",[None Indicated],,,,"Despite being rare, the most massive stars (&gt;30 SOLAR masses) have a disproportionately large impact for their small numbers on star formation rates, galaxy evolution and chemical enrichment of the interstellar medium. therefore, understanding massive star evolution is crucial for deciphering the physical mechanisms driving the formation and evolution of galaxies, stars and planets. there is growing evidence that episodic mass-ejections play a prominent, maybe even dominant, role in controlling the late-stage evolution of the most massive stars and in determining their fate. rapid mass-loss leads to dust condensing out of the ejecta, obscuring the star in the optical but revealing it in the mid-infrared AS the absorbed UV and optical photons are re-emitted at longer wavelengths. studying these self-obscured dusty stars is very important because they help us understand why and how massive stars lose mass AS they age. this in turn tells us what effects the mass loss and dust formation process have on the galaxies in which these stars reside.  we propose to carry out a systematic study of rare, luminous, dusty massive stars in ~100 nearby (d &lt; 11 MPC) galaxies AS the next important step toward understanding their evolution. building on the methods developed and validated BY khan et AL. (2011,2013,2015), we will primarily use archival cryogenic spitzer data to produce a comprehensive list of self-obscured evolved massive stars in the local universe. we will then support this with existing data from the WISE, 2mass, hst and other space- and ground-based observatories to derive their bolometric luminosity, photospheric temperature and stellar mass AS well AS the mass, temperature and optical depth of the circumstellar ejecta. these rare laboratories of stellar astrophysics will be scientifically very interesting targets for detailed study with the james webb space telescope (jwst) taking advantage of its order-of magnitude higher angular and spectroscopic resolution than spitzer. this will enable us to pursue these key scientific goals:  test theoretical predictions of mass loss from evolved massive stars.  characterize the progenitor population of the type II superluminous supernovae.  establish a novel diagnostic of star formation in the local universe.  create a pathway for jwst studies of extragalactic stellar astrophysics.  we have a proven technical method and a thorough work-plan to pursue value added science based on NASA missions data already in the public domain. the key technical steps of this project have been validated BY published research. this research program broadly addresses NASA's goals to understand how the universe works, and the origin and evolution of stars, planets and galaxies. we will further enhance the scientific return on NASA investments through publishing spitzer 3.6-24um catalog of 2-3 million mid-IR bright stars in the targeted galaxies. this catalog will be a valuable and timely resource to prepare for observations with the jwst."
2024,AZ,AZ-04,Arizona State University,80NSSC18K0545,Modification P00009,NSSC - NASA Shared Services Center,"TEMPE, AZ (District 04)",10/03/2023,02/20/2023,"Grant, Grant For Research","Educational - Educational Institution, State Controlled Institution of Higher Learning, State Government, US Government Entity",$-12,$-12,[None Indicated],,,,"Seventy-five billion m dwarfs in our galaxy host at least one small planet in the habitable zone (hz). the stellar Ultraviolet (UV) radiation from m dwarfs is strong and highly variable, and impacts planetary atmospheric loss, composition and habitability. these effects are amplified BY the extreme proximity of their hzs (0.1 0.4 AU). jwst will characterize hz m dwarf planets and attempt the FIRST spectroscopic search for life beyond the SOLAR system. knowing the UV environments of m dwarf planets will be crucial to understanding their atmospheric composition and a key parameter in discriminating between Biological and abiotic sources for observed biosignatures. the UV flux emitted during the super-luminous premain sequence phase of m stars drives water loss and photochemical o2 buildup for terrestrial planets within the hz. this phase CAN persist for up to a billion years for the lowest mass m stars. afterwards, UV-driven photochemistry during the main sequence phase strongly affects a planet s atmosphere, could limit the planet s potential for habitability, and may confuse studies of habitability BY creating false chemical biosignatures. our proposed cubesat observatory will be the FIRST mission to provide the time-dependent spectral slope, intensity and evolution of m dwarf stellar UV radiation. these measurements are crucial to interpreting observations of planetary atmospheres around low-mass stars. mission: the Star-Planet Activity Research CubeSat (SPARCS) will be a 6u cubesat devoted to monitoring 25 m stars in two UV bands: SPARCS FAR-UV (s- fuv: 153 171 nm) and SPARCS NEAR-UV (s-nuv: 260  300 nm). for each target, SPARCS will observe continuously between one and three complete stellar rotations (4 45 days) over a mission lifetime of 2 years. a UV characterization survey of m dwarfs, the most common of planet hosts, is a perfect experiment for a cubesat: -- UV astronomy cannot be done from the ground because of earth s atmospheric absorption. -- photometry of nearby sources is an efficient use of a small aperture. -- unlike the hst, whose time is shared among many instruments and programs, a cubesat CAN provide dedicated space-based long-term monitoring in the UV. technology: SPARCS will advance UV detector technology BY flying high quantum efficiency (qe), UV-optimized detectors developed at JPL. these  delta-doped  detectors have a long history of deployment demonstrating greater than 5x the sensitivity of the detectors used BY galex. SPARCS will pave the way for their application in missions like luvoir or habex. education: the SPARCS research program will train future scientists and mission leaders BY mentoring five undergraduate students, three graduate students, and two post-doctoral scholars throughout all aspects of the mission, including engineering, science, data management and outreach. relevance to NASA: the SPARCS mission will address NASA s goals of identifying the characteristics and distribution of potentially habitable environments, including hz planet hosts like proxima and trappist-1. SPARCS will also be capable of  targetof- opportunity  UV observations of NASA s TESS yield of rocky planets in m dwarf hzs, some of the FIRST hz planets to be spectroscopically characterized BY jwst. SPARCS CAN provide the needed UV context for the interpretation of transmission and emission spectra of these potentially habitable planets. further into the future, SPARCS results will inform the target strategy for the enormous telescopic investments in exoplanet science of luvoir or habex. SPARCS  technology will fill a gap in NASA s capabilities to observe low-mass stellar/planetary systems in the fuv and nuv. hst s UV capabilities will not last much later than 2019, with future opportunities (e.g., luvoir) not arriving until sometime after 2035. the detector technology of this cubesat will play a crucial role in these and interim UV-capable missions."
2024,MO,MO-03,University Of Missouri System,80NSSC19K0701,Modification P00004,NSSC - NASA Shared Services Center,"COLUMBIA, MO (District 03)",04/04/2024,06/30/2023,"Grant, Grant For Research","Educational - 1862 Land Grant College, Educational Institution, Other Not For Profit Organization, School Of Forestry, State Controlled Institution of Higher Learning, Veterinary College",$0,$0,[None Indicated],,,,Jwst and deuterated pahs: placing constraints on the depletion of deuterium onto pahs
2024,CA,CA-16,Seti Institute,80NSSC19K0880,Modification P00005,NSSC - NASA Shared Services Center,"MOUNTAIN VIEW, CA (District 16)",04/26/2024,04/11/2025,"Grant, Grant For Research","Non-Profit Institutions - Corporate Entity Tax Exempt, Nonprofit Organization",$0,$0,[None Indicated],,,,"Carbon plays a key role in the physical and chemical evolution of the universe. carbon species are important gas coolants in both diffuse and dense clouds, and the majority of complex molecules in the interstellar medium (ism) are made of carbon, with the most complex being carbonaceous dust in the solid state. more significantly, carbon-based chemistry is central to the origin of life. SOLAR system objects show systematic variations in their carbon abundances carbon in comets is similar to that in the ism while meteorites are depleted in carbon (relative to silicon) BY an order of magnitude relative to the sun and the ism (e.g., pontoppidan et AL. 2014). meteorite and comet analyses, studies of carbon dust (jones et AL. 2016), and observations of young protoplanetary disks (e.g., bergin et AL. 2016) imply possible evidence for carbon cycling from the gas to solid phases in the early evolution of the SOLAR nebula. here, we focus on the evolution of polycyclic aromatic hydrocarbons (pahs) a ubiquitous component of the ism constituting   20% of all available carbon and one of its most stable forms. carbon in meteorites is mostly in the form of organics (alexander 2011), including aromatic materials such AS small pahs (c&lt;24), suggesting the large pahs (c&gt;30) of the ism could survive AS condensates in disks and serve AS the chemical feedstock of SOLAR system organics. the recognition that pahs condense onto icy grains in cold regions under many astrophysical situations has LED to a slew of experiments studying pahs in ices (e.g., bernstein et AL. 1999, gudipati & allamandola 2003, bouwman et AL. 2011, cuylle et AL. 2014, cook et AL. 2015). water ice lowers the ionization potential of pahs, facilitating PAH ion formation in the presence of UV and PAH destruction via chemical degradation processes, perhaps ultimately leading to the observed SOLAR system organics. we plan to investigate the role of PAH-water ice chemistry in an evolving nebula, with new laboratory experiments designed to closely replicate conditions across the entire planet-forming zone, from NEAR the snowline at a few AU to cold regions beyond the kuiper belt. thermochemical and dynamical disk models will guide experimental parameters such AS densities, temperatures and strength of UV radiation fields. fourier-transform infrared (ftir) and raman spectroscopy of various sized pahs (16-50 c atoms) isolated in a water ice matrix and irradiated BY UV photons, will determine both breakdown (degradation) rates and the resulting photoproducts this information will be assimilated into the NASA ames PAH IR spectroscopic database providing a rich legacy for future work on organics to be probed BY SOLAR system missions (e.g., icy worlds, mars 2020) and telescope facilities (e.g. jwst). the PAH destruction rate on ices determined from the experiments will be incorporated into disk evolution models to examine the possible survival of pahs AS condensates/complex organics on disks and quantify this mode of delivery of carbon to the inner disk."
2024,CO,CO-02,"Regents Of The University Of Colorado, The",80NSSC19K0995,Modification P00012,NSSC - NASA Shared Services Center,"BOULDER, CO (District 02)",09/18/2024,09/30/2025,"Grant, Grant For Research","Educational - Educational Institution, State Controlled Institution of Higher Learning, State Government, US Government Entity",$0,$0,[None Indicated],,,,"We propose a four year suborbital-class research program to develop, launch, and operate the astrophysics research testbed and UV emission mapping imaging spectrograph (artemis): a 6u cubesat that will address two key questions in astronomy: .how DO galaxies provide ionizing radiation to the igm? the transition from a neutral to an ionized intergalactic medium (igm) was one of the key milestones in cosmic structure formation. finding the ionizing sources - galaxies and agn - is a central goal of the james webb space telescope (jwst), but even this flagship cannot solve one critical aspect of the problem: how much of this radiation actually escapes galaxies to re-ionize the igm? webb cannot detect the ionizing radiation itself through the opaque high-z igm, so users will instead use redshifted UV/optical emission lines AS proxies. these proxies must be calibrated with direct measurements of ionizing radiation escape in a sample of galaxies at lower redshift. artemis will directly measure the ionizing spectrum in 100 0.15 &lt; z &lt; 0.3 galaxies and agn, a sample that will surpass in number and precision all ionizing escape measurements to date and provide critical interpretive tools for core jwst science. .what controls the mass, energy and chemical flows within galaxies? ob stars dominate the ionization and kinematic drivers of galactic disks through their intense radiation, fast stellar winds, and metal dispersal in supernovae but how DO these processes interact to DRIVE the evolution of galaxies? artemis will trace feedback in its earliest stages using unique FAR-UV diagnostics (fuv: 1000 - 1600 angstroms) and a novel spectral imaging observing mode to create multi-dimensional data cube maps of more than 50 local star forming regions and supernova remnants in the milky way and magellanic clouds. this survey will quantify the physics of radiative and kinetic energy injection into their host galaxies and provide ground-truth to sub-grid physical models in hydrodynamical simulations. .artemis is designed to carry out these astrophysically compelling spectral surveys while serving AS a demonstration testbed for the luvoir surveyor - maturing and flight-qualifying technology identified AS priority one needs in the 2017 NASA Cosmic Origins program annual technology report. the advanced optical coatings and next-generation photon-counting microchannel plate (mcp) detector in the artemis design represent a paradigm shift for astronomy in the fuv, enabling more optical elements and exceptionally low on-orbit backgrounds without the crippling throughput losses that would occur with conventional technologies. our extensive on-orbit calibration program will provide critical in situ measurements of their stability and performance ahead of formal adoption BY luvoir, habex, or other NASA large-, probe-, or explorer-class missions. artemis will leverage these recent products of the APRA, SAT and roman technology fellowship programs to achieve sensitivities comparable to or exceeding previous fuv explorer-class missions in a cubesat envelope. .the artemis instrument is comprised of a rectangular cassegrain telescope feeding a compact, low resolution (r ~ 1500) imaging spectrograph. the science instrument is incorporated into a blue canyon technologies Spacecraft bus that provides power, Command and Data Handling, attitude control, and communications. calibration and testing will occur in existing university of colorado (cu) UV space-instrument facilities alongside other NASA SMD missions. artemis will be developed in the framework of cu's student LED space sciences program, where undergraduate, graduate, and postdoctoral training is paramount. ."
2024,IL,IL-01,"University Of Chicago, The",80NSSC20K0512,Modification P00006,NSSC - NASA Shared Services Center,"CHICAGO, IL (District 01)",07/05/2024,06/30/2025,"Grant, Grant For Research","Educational - Corporate Entity Tax Exempt, Educational Institution, Nonprofit Organization, Private University Or College",$0,$0,[None Indicated],,,,"We propose to develop a suite of ultra-high resolution simulations of z&gt;6 galaxies with a particularly wide range of relevant physical processes. we will use synthetic observations of simulated galaxies to conduct a number of transformative explorations addressing the following two broad themes: 1) how the observable properties of the cosmic dawn galaxies are related to their physical properties, such AS star formation rate and star formation history, size, stellar mass, molecular gas mass, mass of their dark matter halos and their mass accretion history, and 2) how the physical processes driving evolution of high-$z$ galaxies are reflected in the their observable properties and correlations between them. the models and simulations planned in this proposal will include a rich data set with a sufficiently wide range of physical processes modeled at extremely high-resolution. this will be used to address several fundamental questions in the interpretation of observations of galaxies during the cosmic dawn era. exploration of these key issues will build upon the remarkable recent progress in our understanding of how galaxies form and using state-of-the-art modeling of star formation and feedback. results of this project will have a transformative impact on our broader understanding of galaxies and their formation, especially during earliest stages of evolution when some of the key properties of galaxies may be set. results and findings of this project will aid with physical interpretation of ongoing and NEAR future observational efforts using jwst, wfirst, hst, and alma. synthetic observations and simulation data that will be made publicly available to other researchers will help observers to forecast and prepare observations and will allow other theoretical groups to explore additional directions or to compare results."
2024,AZ,AZ-07,University Of Arizona,80NSSC21K0397,Modification P00003,NSSC - NASA Shared Services Center,"TUCSON, AZ (District 07)",02/05/2024,01/30/2025,"Grant, Grant For Research","Educational - 1862 Land Grant College, Educational Institution, Hispanic Servicing Institution, State Controlled Institution of Higher Learning, State Government, US Government Entity",$0,$0,[None Indicated],,,,A high contrast survey of young stars for accreting protoplanets with the magao x extreme AO system defining the jwst protoplanet follow up sample
2024,CA,CA-50,"University Of California, San Diego",80NSSC21K0573,Modification P00003,NSSC - NASA Shared Services Center,"LA JOLLA, CA (District 50)",02/23/2024,02/07/2025,"Grant, Grant For Research","Educational - 1862 Land Grant College, Corporate Entity Tax Exempt, Educational Institution, Other Not For Profit Organization",$0,$0,[None Indicated],,,,"Moderate resolution spectroscopy of directly imaged exoplanets abundances, kinematics, and algorithms for the era of jwst"
2024,TX,TX-37,University Of Texas At Austin,80NSSC21K0574,Modification P00003,NSSC - NASA Shared Services Center,"AUSTIN, TX (District 37)",06/04/2024,05/31/2025,"Grant, Grant For Research","Educational - Educational Institution, Nonprofit Organization, State Controlled Institution of Higher Learning",$0,$0,[None Indicated],,,,"High-contrast imaging is a powerful tool to probe the atmospheres and orbital architectures of long-period planets. the development of extreme adaptive optics instruments, novel coronagraph designs, and increasingly sophisticated post-processing methods has facilitated the discovery of about a dozen planets with separations within 100 AU via direct imaging. despite the scientific importance and long-term potential of this planet-finding technique, the scarcity of giant planets at large separations has emerged AS the single largest barrier that has limited the scientific growth of this field over the past decade. the goal of this program is to dramatically improve these outcomes and deliver discoveries of new planets for existing telescopes and future facilities like jwst. our approach is to identify promising targets based on their astrometric reflex accelerations from hipparcos and gaia dr2, which span a 24-year baseline. BY focusing on targets with astrometric evidence of long-period planets, this program will facilitate the FIRST significant transition from blind direct imaging surveys to dynamically informed targets, mitigating the impact of low planet occurrence rates at wide separations that have hindered previous campaigns. our program consists of three phases: (1) identify young stars with low-amplitude astrometric accelerations, (2) conduct follow up high-resolution imaging and spectroscopy to remove false positives caused BY stellar, brown dwarf, and white dwarf companions, and (3) carry out a focused high-contrast imaging survey of the most promising young stars that have accelerations consistent with long-period giant planets. we will make use of the new hipparcos-gaia catalog of accelerations (hgca), which is the largest and most sensitive catalog of accelerating nearby bright stars to date. to demonstrate the utility and reliability of the hgca catalog, our team recently used the astrometric accelerations of host stars with known brown dwarf, white dwarf, and giant planet companions to constrain their orbits and dynamical masses. this strategy has opened an unprecedented opportunity to find young stars with dynamical evidence of low-mass companions at separations accessible to the current generation of high-contrast imagers. our program is well-matched with the primary goal of NASA's exoplanet research program to discover and characterize planetary systems. in particular, these observations will be used to identify optimal targets with strategic relevance for follow-up high-contrast NEAR- and mid-infrared imaging using jwst and ground-based facilities. since jwst is unlikely to carry out a substantial direct imaging search for new planets during its primary mission, new discoveries and single young accelerating stars that emerge from our program will help make optimal use of this facility in the NEAR future."
2024,TX,TX-20,Southwest Research Institute,80NSSC21K0599,Modification P00005,NSSC - NASA Shared Services Center,"SAN ANTONIO, TX (District 20)",06/17/2024,06/17/2024,"Grant, Grant For Research","Non-Profit Institutions - Corporate Entity Tax Exempt, Nonprofit Organization","$-223,942","$-223,943",[None Indicated],,,,Chemical assessment of m dwarfs and their rocky exoplanets to improve characterization in the TESS jwst era
2024,MA,MA-05,Smithsonian Institution,80NSSC21K1112,Modification P00005,NSSC - NASA Shared Services Center,"CAMBRIDGE, MA (District 05)",07/02/2024,05/23/2025,"Grant, Grant For Research",Non-Profit Institutions - Nonprofit Organization,"$110,731",$0,[None Indicated],,,,"ACCESS ground based, high quality optical transmission spectra of exoplanets to optimize and complement exoplanet atmospheres observations with jwst"
2024,IL,IL-01,"University Of Chicago, The",80NSSC21K1718,Modification P00003,NSSC - NASA Shared Services Center,"CHICAGO, IL (District 01)",07/30/2024,09/30/2025,"Grant, Grant For Research","Educational - Corporate Entity Tax Exempt, Educational Institution, Nonprofit Organization, Private University Or College",$0,$0,[None Indicated],,,,"A major goal of NASA s upcoming jwst mission AS well AS missions in planning such AS luvoir, ost, and habex is the characterization of the atmospheres of potentially habitable exoplanets. this requires both identifying promising targets and understanding what processes may limit measurements of atmospheric spectra. recently three-dimensional calculations using global climate models have shown that water clouds are essential for both of these issues. these simulations have also exposed the high sensitivity of model results to assumptions in their cloud microphysical schemes. a typical assumption, for example, is that clouds contain droplets with a single radius that is hard-wired in the code. this is extremely important because scattering of shortwave radiation and absorption of longwave radiation depend strongly on the cloud droplet radius. AS a result, if the cloud droplet radius is changed within a reasonable range, a simulated planet CAN easily GO from habitable to venus-like. moreover, the size distribution of cloud particles will influence optimal atmospheric characterization strategies. for example, smaller cloud particles tend to interact more strongly with shortwave radiation and might be more problematic for transmission or reflected light spectroscopy than for emission spectroscopy. the FIRST objective of this proposal is to determine how cloud microphysics affect the climate of potentially habitable exoplanets. we will investigate how cloud microphysics and the resulting cloud particle size distributions depend on planetary parameters such AS stellar flux, stellar spectral energy distribution, gravity, atmospheric composition, available condensation nuclei, and atmospheric mass. we will then use climate models to calculate the resulting effect on climate and habitability. the second objective of this proposal is to determine how cloud microphysics will influence observational prospects for potentially habitable exoplanets. we will investigate the cloud microphysics of potentially habitable exoplanets using the carma model. carma is a highly versatile model that has been used for water clouds and aerosols on earth, and clouds of various species on venus, mars, titan, and hot-jupiter exoplanets. our FIRST task will be to run carma in 1d mode for the full range of planetary parameters for potentially habitable exoplanets. we will couple the carma output to the spectral radiative model smart. this will allow us to infer the impact of changes in cloud microphysics on climate and observational prospects. the 1d simulations will give us initial answers and allow us to sample the entire phase space of planetary parameters. they will also provide physical intuition that we will use to interpret subsequent 3d simulations. our second task will be to implement carma AS the cloud microphysical scheme in the global climate model exocam, which has been used extensively to model the climates of potentially habitable exoplanets. we will then perform computationally intensive 3d simulations using exocam-carma in which we will vary the planetary parameters we have identified AS most important for cloud microphysics in our 1d simulations. 3d simulations are critical because they will show how atmospheric dynamics and spatial variation in clouds interact with changes in cloud microphysics to produce emergent climate behavior. our third task will be to determine the effect of our cloud microphysics results on different observational strategies using instrument simulator codes. this proposal is a theoretical investigation of the conditions necessary to maintain surface water on potentially habitable earth-like exoplanets and is therefore directly relevant to the Habitable Worlds call. this work is also directly relevant to the optimal usage of jwst and the planning of luvoir, ost, and habex, which are all critical NASA missions."
2024,MO,MO-03,University Of Missouri System,80NSSC22K1166,Modification P00002,NSSC - NASA Shared Services Center,"COLUMBIA, MO (District 03)",07/03/2024,08/31/2025,"Grant, Grant For Research","Educational - 1862 Land Grant College, Educational Institution, Other Not For Profit Organization, School Of Forestry, State Controlled Institution of Higher Learning, Veterinary College",$0,$0,[None Indicated],,,,Jwst and pahs in protoplanetary disks placing constraints on PAH properties
2024,GA,GA-05,Georgia Tech Research Corporation,80NSSC22K1589,Modification P00003,NSSC - NASA Shared Services Center,"ATLANTA, GA (District 05)",06/03/2024,08/14/2025,"Grant, Grant For Research","Educational - Corporate Entity Tax Exempt, Educational Institution, Nonprofit Organization, State Controlled Institution of Higher Learning","$50,000",$0,[None Indicated],,,,"The proposed work is aiming to better understand how star formation and feedback affects global galaxy properties and their formation during the epoch of reionization with resolved cosmological simulations. we will DO so BY using AI to enhance cosmological simulations, which often have to choose between volume and resolution of physics. because of this, subgrid physics, or generalized physics templates/simplified analytic models, are often used to resolve small-scale physics so that realistic cosmological simulations CAN cover large volumes of space. we propose a three-phase plan. the FIRST is to use a convolutional neural network trained on superresolved.and highly-resolved simulations to replace star formation and feedback subgrid models, which should retain physics fidelity at low scales and speed up simulation calculations significantly. in the second phase, we will work on super-resolution enhancement techniques, or adding detail below the original resolution scale of simulations. we will DO this BY training a generative adaptive network (gan) which are neural networks used to generate data and have been used AS a resolution tool in astrophysics, e.g. resolving observational images or dark matter only simulations. we will train the gan on a super-resolution simulation and attempt to superresolve.a high-resolution simulation. we expect that it will produce features below the resolution scale that are present in the training set for the gan. in the third phase, we will create a larger, lower-resolution cosmological simulation using our surrogate model to replace the traditional subgrid model, and then run our super-resolution gan on it to test the culmination of our two networks. we will then create a galaxy catalog from this simulation to aid interpretation of jwst observations of high-redshift galaxies. the project is relevant to a few different stratagems, such AS strategy 3.4: increasing opportunities for academic and non-profit institutions to.contribute to the mission. this project would spark a collaboration with my connections at the flatiron institute with whom i will have an ongoing project, AS well AS with azton wells, whose work motivates our objective. the project would also allow for direct cross collaboration with computer science or applied mathematics groups, which will foster collaboration in pursuit of a common goal, or strategy 2.2. AS the resultant neural networks of our project are aimed at reducing computational power and allowing higher quality cosmological simulations with less time and computational power, we would be contributing to strategy 4.1, fostering a more inclusive and accessible environment. groups that may not have ACCESS to high-performance computing or may not be able to afford much time on the processors would benefit from our work. they would be able to create higher resolution cosmological simulations with average computing power due to the surrogate model, and then upscale the physics further using our gan. finally, the proposed work focuses on the Cosmic Origins objective of the SMD and will inform NASA's mission of understanding cosmic dawn. our work will informjwst observations into the epoch of reionization, and particularly is focused on early galaxy formation and evolution."
2024,MA,MA-07,Massachusetts Institute Of Technology,80NSSC23K0585,Modification P00002,NSSC - NASA Shared Services Center,"CAMBRIDGE, MA (District 07)",08/16/2024,11/09/2024,"Grant, Grant For Research","Educational - 1862 Land Grant College, Corporate Entity Tax Exempt, Educational Institution, Nonprofit Organization, Private University Or College",$0,$0,[None Indicated],,,,"Humankind has never before seen the low frequency radio sky. it's hidden from ground-based telescopes BY the earth s ionosphere and challenging to ACCESS from space with traditional missions because the long wavelengths involved (meter- to kilometer-scale) require infeasibly massive telescopes to see clearly. electromagnetic radiation at these low frequencies carries crucial information about exoplanetary and stellar magnetic fields (a key ingredient to habitability), the interstellar/intergalactic medium, and the earliest stars and galaxies. the GREAT observatory for long wavelengths (GO-low) proposes an interferometric array of thousands of identical smallsats at earth-sun lagrange point (e.g., l5) to measure the magnetic fields of terrestrial exoplanets via detections of their radio emissions at frequencies between 100 khz and 15 mhz. each Spacecraft will carry an innovative vector sensor antenna (vsa), which will enable the FIRST survey of exoplanetary magnetic fields within 5 parsecs. in a departure from the traditional approach of a single, large, expensive Spacecraft (i.e., hst, chandra, jwst) with many single points of failure, we propose an interferometric GREAT observatory comprised of thousands of small, cheap, and easily-replaceable nodes. interferometry, a technique that combines signals from many spatially separated receivers to form a large  virtual  telescope, is ideally suited to long wavelength astronomy. the individual antenna/receiver systems are simple, no large structures are required, and the very large spacing between nodes provides high spatial resolution. while deploying thousands of satellites to a lagrange point may sound audacious today, there are several accelerating trends and technology developments that will make GO-low possible in the NEAR-future. these include: the falling cost of mass-produced small Spacecraft, the advent (and economics) of mega-constellations, and the return of large, high-capacity rockets like starship and SLS. lower cost, higher availability of satellite subsystems: AS manufacturing quantities increase, the cost of critical subsystems like propulsion, power, and communications is decreasing. lower launch costs: spacex and other new entrants to the Launch Vehicle market have pushed the market to lower and lower costs, through manufacturing innovations and the economics of scale behind mega-constellations. starship will accelerate these trends. failure tolerance: because of the scale of these constellations, a single Spacecraft is no longer mission critical. not only are failures tolerated, they are expected and built into calculations. this  fail fast, fail cheap  approach is a drastic departure from traditional practices. in the proposed study, we will (1) determine the antenna design that optimizes PER-element sensitivity between 100 khz and 15 mhz and model the performance of GO-low for the exoplanet representative mission, (2) develop the constellation architecture for golow, including a trade study of interferometric correlation strategies and Concept of Operations, including constellation management and communications strategy, and (3) map out the technological development required to make GO-low feasible in the next 10-20 years. the last GREAT frontier in radio astronomy   the low frequency end of the EM spectrum   is on the verge of a revolution. the falling cost of smallsats, the innovations behind LEO mega-constellations, and the return of large launch vehicles are all poised to come together to enable deep-space interferometric constellations to uncover the mysteries behind exoplanetary magnetic fields, the cosmic dark ages, and more. GO-low puts forth an ambitious vision   the FIRST GREAT observatory mega-constellation - with thousands of satellites working together at l5 to survey all the exoplanets in our local  neighborhood . today s technology and economic trends promise to make this vision feasible in the NEAR future."
2024,CA,CA-28,California Institute Of Technology,80NSSC23K1070,Modification P00002,NSSC - NASA Shared Services Center,"PASADENA, CA (District 28)",06/05/2024,06/03/2024,"Grant, Grant For Research","Educational - Corporate Entity Tax Exempt, Educational Institution, Nonprofit Organization, Private University Or College",$0,$0,[None Indicated],,,,Pinning down masses of jwst ultra short period planets with KPF
2024,TX,TX-37,University Of Texas At Austin,80NSSC24K0958,Modification 0 (Base Record),NSSC - NASA Shared Services Center,"AUSTIN, TX (District 37)",06/10/2024,08/31/2027,"Grant, Grant For Research","Educational - Educational Institution, Nonprofit Organization, State Controlled Institution of Higher Learning","$212,641","$585,810",[None Indicated],,,,The bridge to jupiter modeling cool gas giants in the jwst era
2024,HI,HI-01,University Of Hawaii,80NSSC24K1053,Modification 0 (Base Record),NSSC - NASA Shared Services Center,"HONOLULU, HI (District 01)",06/04/2024,05/03/2025,"Grant, Grant For Research","Educational - Educational Institution, Native Hawaiian Servicing Institution, State Controlled Institution of Higher Learning, State Government, US Government Entity","$69,805","$69,805",[None Indicated],,,,Pinning down masses of jwst ultra short period planets with KPF
2024,LA,LA-06,Louisiana State University,80NSSC24K1078,Modification 0 (Base Record),NSSC - NASA Shared Services Center,"BATON ROUGE, LA (District 06)",06/18/2024,06/17/2027,"Grant, Grant For Research","Educational - 1862 Land Grant College, 1890 Land Grant College, Educational Institution, School Of Forestry, State Controlled Institution of Higher Learning, State Government, US Government Entity, Veterinary College","$223,941","$223,941",[None Indicated],,,,Chemical assessment of m dwarfs and their rocky exoplanets to improve characterization in the TESS jwst era
2024,CA,CA-28,California Institute Of Technology,80NSSC24K1395,Modification 0 (Base Record),NSSC - NASA Shared Services Center,"PASADENA, CA (District 28)",08/01/2024,07/31/2028,"Grant, Grant For Research","Educational - Corporate Entity Tax Exempt, Educational Institution, Nonprofit Organization, Private University Or College","$82,798","$334,798",[None Indicated],,,,Modern astronomy suffers from a gap between the coverage of jwst and alma in the mid/FAR-IR. the next observatory to fill this gap will need to be space-based and must rely on the ultrasensitive capabilities of superconducting detectors.
2024,AZ,AZ-07,University Of Arizona,80NSSC24K1847,Modification 0 (Base Record),NSSC - NASA Shared Services Center,"TUCSON, AZ (District 07)",09/16/2024,07/29/2025,"Grant, Grant For Research","Educational - 1862 Land Grant College, Educational Institution, Hispanic Servicing Institution, State Controlled Institution of Higher Learning, State Government, US Government Entity","$52,000","$52,000",[None Indicated],,,,An XMM legacy survey of jwst ASPIRE quasars panchromatic view of z  6.5 quasars
2025,CA,CA-16,Seti Institute,80NSSC19M0121,Modification P00011,NSSC - NASA Shared Services Center,"MOUNTAIN VIEW, CA (District 16)",02/10/2025,03/28/2026, Cooperative Agreement,"Non-Profit Institutions - Corporate Entity Tax Exempt, Nonprofit Organization",$0,$0,[None Indicated],,,,"There is an increasing need for highly accurate rovibrational line lists (including infrared intensities) of small molecules that are common in various SOLAR system planet and moon environments, brown dwarfs, the interstellar medium (ism), and exoplanet atmospheres.[1] this is being driven BY the availability of ever increasingly high-resolution telescopes and instruments, including space-based such AS jwst and wfirst, plane-based such AS SOFIA, and ground based such AS alma and several planned extremely large telescopes. in order to maximize the scientific return for these missions, the line lists need to provide both accurate line positions and line strengths AS well AS being complete enough to be able to describe the large temperature extremes of the different environments. one such molecule is ammonia, which widely exists in the ism, brown dwarfs, and h2 & he dominated exoplanetary atmospheres,[1] and thus will be an important diagnostic molecule in the characterization of environments and exoplanet atmospheres. the existing spectral databases for nh3 and its isotopologues, hitran [2,3,4] and exomol (byte) [5,6], are not sufficiently complete or accurate to characterize the environments where nh3 is present. building on our previous work on nh3[7,8,9,10] and subsequent work on other molecules [11,12,13,14,15,16] AS well AS additional experimental data, we will generate accurate and complete line lists for nh3 and its d & 15n isotopologues. these line lists will be invaluable in modeling the ism and exoplanetary atmospheres of various celestial objects. the spectral library and data products will be made available to the astrophysical communities."
2025,CA,CA-18,San Jose State University Research Foundation,80NSSC22M0107,Modification P00008,NSSC - NASA Shared Services Center,"SAN JOSE, CA (District 18)",06/09/2025,05/31/2027, Cooperative Agreement,"Non-Profit Institutions - Corporate Entity Tax Exempt, Foundation, Nonprofit Organization","$213,294",$0,[None Indicated],,,,Astronomical infrared bands AS calibrated probes of astrophysical conditions in the jwst&#8208era with the NASA ames PAH IR spectroscopic database
2025,CA,CA-16,Bay Area Environmental Research Institute,80NSSC24M0065,Modification P00010,NSSC - NASA Shared Services Center,"MOUNTAIN VIEW, CA (District 16)",07/09/2025,12/26/2026, Cooperative Agreement,"Non-Profit Institutions - Corporate Entity Tax Exempt, Nonprofit Organization","$232,471",$0,[None Indicated],,,,"Nnh22zda001n-icar, nh22zda001n-cdap, jwst, ppbe-2018, SOFIA, nnh20zda001n-ew,nnh20zda001n-APRA from molecules to exoplanets: the foundations of astrobiology"
2025,CA,CA-12,"Regents Of The University Of California, The",80NSSC25M7113,Modification 0 (Base Record),NSSC - NASA Shared Services Center,"BERKELEY, CA (District 12)",06/17/2025,02/25/2028, Cooperative Agreement,"Educational - 1862 Land Grant College, Educational Institution, Minority Institution, Other Not For Profit Organization","$48,009","$184,110",[None Indicated],,,,"We will use infrared spectrometers on NASA's Infrared Telescope Facility (IRTF/ishell) and at the keck observatory (keck/ nirspec). our simultaneous ground-based observations will directly support the microwave radiometer (mwr) and jovian infrared auroral mapper (jiram) on the juno Spacecraft. saturn observations will trace the evolution of atmospheric properties following major convective storms in 2011 and 2018. the proposed work will allow comparative studies of giant planet meteorology and cloud physics, enhance the science return of the juno and cassini missions, and complement jwst observations obtained in 2022."
2025,NY,NY-19,"Cornell University, Inc",NNX17AL71A,Modification 7,NSSC - NASA Shared Services Center,"ITHACA, NY (District 19)",05/08/2025,05/22/2024, Cooperative Agreement,"Educational - 1862 Land Grant College, Corporate Entity Tax Exempt, Educational Institution, Nonprofit Organization, Private University Or College, Veterinary College","$-330,644","$-330,644",[None Indicated],,,,"Interdisciplinary scientist for astrobiology, phase e plans and budget, james webb space telescope"
2025,AZ,AZ-04,Arizona State University,80NSSC18K0200,Modification P00008,NSSC - NASA Shared Services Center,"TEMPE, AZ (District 04)",03/28/2025,09/15/2026,"Grant, Grant For Research","Educational - Educational Institution, State Controlled Institution of Higher Learning, State Government, US Government Entity",$0,$0,[None Indicated],,,,"Unsolicited, interdisciplinary scientist, implementation plan in response to jwst gto phase e funding call, james webb telescope"
2025,AZ,AZ-02,Northern Arizona University,80NSSC18K0349,Modification P00012,NSSC - NASA Shared Services Center,"FLAGSTAFF, AZ (District 02)",12/20/2024,01/02/2024,"Grant, Grant For Research","Educational - Educational Institution, School Of Forestry, State Controlled Institution of Higher Learning, State Government, US Government Entity",$0,$0,[None Indicated],,,,"NASA s kepler mission has revealed that worlds with sizes between those of earth and neptune are extremely common. whether these planets are rocky with secondary atmospheres influenced BY geophysical processes (i.e., super-earths) or have thick atmospheres of heavily metal-enriched SOLAR gas (i.e., mini-neptunes) remains an open question. in reality, these ubiquitous planets likely present a huge range of atmospheric types and (if applicable) surface conditions. however, there does not exist a systematic exploration of the range of atmospheric and surface conditions for planets spanning the terrestrial to gaseous regimes. without such an exploration, we remain in the dark AS to what the spectral discriminants are for distinguishing these different types of worlds, be it through transit, emission, or reflection spectroscopy. thus, we DO not yet know the extent to which future exoplanet-themed missions will be able to distinguish and characterize super-earths and mini-neptunes. we propose to use a trusted exoplanet climate model to explore a wide range of planet types and associated atmospheric states. from our grid of forward-modeled exoplanet climates, we will produce (and distribute) a large collection of transit, emission, and reflection spectra. finally, BY employing our group's state-of-the-art retrieval tools, we will explore key spectral discriminants and observables for super-earth and mini-neptune exoplanets. these retrieval studies will identify ideal observing strategies for NASA s jwst, and will investigate the extent to which direct imaging CAN be used to spectrally characterize small worlds. our direct imaging studies come at a critical time, AS, without our work, habex, luvoir, and wfirst-rendezvous would all be competed in the 2020 decadal survey with no clear studies of how effective these missions could be at characterizing the atmospheres of some of the most common planet types in the galaxy. our proposed work is relevant to both NASA s strategic plan and to the exoplanet research program. we AIM to shed light on new and exciting categories of planets that span a range of atmospheric and (potentially) surface conditions that are relevant to the origin and evolution of life. additionally, learning to distinguish mini-neptunes from super-earths is a key step towards developing techniques to identify potentially habitable exoplanets. these themes work to meet NASA s strategic plan objective 1.6 ( discover how the universe works, explore how it began and evolved, and search for life on planets around other stars ). our proposed work also supports the exoplanet research program s goal of understanding exoplanetary systems, and meets the program s expectations of research that (1) helps to  exoplanet candidates that would be valuable targets for future NASA observatories, (2) develops ideas related to the observational characterization of exoplanets and their atmospheres with ties to planned and future NASA observatories, and (3) aims to understand key physical and chemical processes related to exoplanet atmospheres."
2025,WA,WA-07,University Of Washington,80NSSC18K0829,Modification P00013,NSSC - NASA Shared Services Center,"SEATTLE, WA (District 07)",02/27/2025,05/31/2025,"Grant, Grant For Research","Educational - Educational Institution, Local Government, State Controlled Institution of Higher Learning, US Government Entity",$0,$0,[None Indicated],,,,"To enable and advance NASA s search for life beyond the SOLAR system, the virtual planetary laboratory team will focus on a compelling scientific question:  how DO we recognize whether an exoplanet CAN or does support life?  in advance of challenging observations, the vpl will combine scientific models, observations, and field and laboratory data from many disciplines to explore how a planet becomes and remains habitable, and identify new biosignatures in the context of their environments. this research will inform target selection for jwst from k2, TESS, and ground-based exoplanet discoveries help observers recognize the signs of planetary habitability and life and inform upcoming NASA missions that will observe terrestrial exoplanets such AS jwst, and the habex, ost and luvoir mission concepts. five research tasks will address our scientific question. tasks a-d provide a suite of self-consistent planetary environments based on data and models that are validated against SOLAR system planets. these planetary environments are then input to task e, to simulate planetary observations and determine the detectability of signs of habitability and life. task a: SOLAR system analogs for exoplanets. we will use observations and atmospheric models of earth and venus, AS well AS realistic simulations of the distant SOLAR system and other planetary systems, to explore processes and remote-sensing discriminants relevant to habitable environments, biosignatures, and false positives. task b: the earth through time. we will undertake an interdisciplinary synthesis of field, laboratory and modeling efforts to constrain environmental, ecological, and remotely observable parameters of early earth and similar exoplanets around other stars, AS a function of dominant metabolism. task c: the habitable planet. we will develop and use coupled stellar, orbital, interior and 1-d to 3-d atmospheric models to explore terrestrial exoplanet formation, dynamics, composition, atmospheric evolution and habitability. these analyses will inform habitability assessments to prioritize promising exoplanets for biosignature searches. task d: the living planet. we will integrate field and laboratory research with coupled chemical, climate and ecosystem models to explore the nature and detectability of biosignatures for different geochemical and stellar environments. we will identify new remotesensing atmospheric, surface and temporal biosignatures and their false positives and negatives, and quantify the environmental limits to photosynthetic productivity. task e: the observer. we will combine observations, analysis techniques and simulations to improve the detection and characterization of potentially habitable exoplanets. we will improve retrieval of planetary properties from exoplanet mapping and from direct imaging, transit transmission, and high-resolution spectroscopy. our analyses will determine optimal measurements and observation strategies for terrestrial exoplanet characterization. the proposed effort benefits astrobiology and the nai with a proven, productive, interdisciplinary science team whose research addresses key astrobiology program goals, including  constructing Habitable Worlds ,  identifying, exploring and characterizing environments for habitability and biosignatures  and  the coevolution of life and the physical environment.  the uw s astrobiology dual-title phd program and our astrobiology research opportunities for minority undergraduates strongly support the training of the next generation of astrobiologists. our team members will continue to provide key scientific leadership for relevant NASA missions. the vpl will leverage the massively interdisciplinary collaboration enabled BY the nai to provide a unique synthesis of NASA planetary and earth science mission data, modeling and retrieval techniques that inform and support NASA astrobiology and astrophysics mission objectives."
2025,CA,CA-04,"University Of California, Davis",80NSSC19K0303,Modification P00007,NSSC - NASA Shared Services Center,"DAVIS, CA (District 04)",12/20/2024,12/31/2023,"Grant, Grant For Research","Educational - 1862 Land Grant College, Corporate Entity Tax Exempt, Educational Institution, Other Not For Profit Organization, Veterinary College","$-107,165","$-107,165",[None Indicated],,,,"The interaction of Ultraviolet (UV) radiation with molecular matter plays a major role in the physics and chemistry of interstellar clouds, protoplanetary disks (ppds), and photon-dominated regions (pdrs), influencing their thermal state and chemical evolution. in particular, vacuum UV (vuv, 100-200 nm) radiation breaks apart small molecules into highly reactive atomic fragments, some of them metastable with large amounts of internal energy and long lifetimes, that spur further chemical reactions and transfer energy into the surrounding material. accurate knowledge of the rates of these fragmentation processes and their products is critical for understanding the physical and chemical evolution of matter in space, particularly in regions illuminated BY nearby bright stars, such AS ppds. in this proposal, we focus on three transient diatomic molecules: c2, ch, and CS, all of which have been observed in the interstellar medium (ism) using vuv spectrometers aboard the hubble telescope, but none of which have sufficiently accurate laboratory data available to enable quantitative interpretation of the astronomical observations. AS sources of atomic carbon, hydrogen, and sulfur, their photochemistry potentially plays a major role in the evolution of the ism. for each molecule, we have two central objectives: 1.) to measure state-selected vuv photodissiciation cross sections and atomic product branching ratios. these challenging measurements are made possible BY the unique, state-of-the-art two-color vuv-vuv velocity map imaging instrumentation available at uc davis. this instrumentation has been successfully employed to perform similar measurements on the stable diatomic molecules co, n2, and o2, and is now equipped to study transient molecules BY use of laser ablation/UV photodissociation production sources. 2.) to perform new ab initio calculations (at the mrcisd+q level of theory) of the electronic states involved in these processes together with nonadiabatic and spin-orbit coupling parameters for modeling the dissociation. these calculations will aid interpretation of the laboratory data, and will make predictions beyond the experimentally accessible conditions. expected outcomes of the proposed investigation consist of spectroscopic data that CAN be directly used to interpret vuv observations with the hubble space telescope, and photodissociation cross sections and branching fractions that CAN be incorporated to yield more powerful and predictive astrophysical models of the ism, pdrs, and ppds. interpretation of future james webb space telescope observations of ppds in the mid-IR will depend on accurate photochemical models because vuv radiation from the star heavily influences the species present in the disk. other NASA missions, such AS herschel (thz) and spitzer (mid-IR) observations of pdrs, will likewise benefit from improved photochemical models AS the consequences of vuv photochemistry are observed across the electromagnetic spectrum. the proposed laboratory measurements and ab initio calculations will be completed over the course of four years BY two graduate students pursuing a ph.d. degree in chemistry at uc davis. over the course of the project, they will receive extensive training and mentorship from the PI and co-is in modern techniques in laboratory astrophysics and ab initio quantum chemistry, AS well AS the connections between laboratory astrophysics, theory, and astronomical observations."
2025,MD,MD-04,University Of Maryland,80NSSC19K0573,Modification P00006,NSSC - NASA Shared Services Center,"COLLEGE PARK, MD (District 04)",02/20/2025,02/24/2024,"Grant, Grant For Research","Educational - 1862 Land Grant College, Educational Institution, State Controlled Institution of Higher Learning, State Government, US Government Entity",$-34,$-34,[None Indicated],,,,"The goal of this project is to provide comprehensive, easy-to-use, public on-line tools that enable an understanding of the interaction of the light of young, luminous, massive stars with the gas and dust in the milky way and in other galaxies. wits: the web infrared toolshed (http://dustem.astro.umd.edu) is an on-line analysis suite for infrared and submillimeter line and continuum observations obtained BY NASA astrophysics space missions. wits has two major parts: pdrt for the analysis of photodissociation region (PDR) line emission and dirt for the analysis of dust continuum emission. this proposal seeks to carry out major upgrades and enhancements to the pdrt portion of wits such AS allowing image data AS inputs, inclusion of the latest PDR and dust emission models, adding additional spectral lines AS observed in recent missions, expanding the database of pre-run PDR models over a wider range of parameter space, and adding the ability for users to run the PDR codes from their web browsers. the tools find the best-fit models to the observations and provide insights into the physical conditions and chemical makeup of the gas and dust. the upgraded wits will enable the analysis of a host of past, current, and future NASA missions including ISO, spitzer, hershel, sto, SOFIA, swas, and jwst."
2025,IL,IL-13,University Of Illinois,80NSSC19K1242,Modification P00008,NSSC - NASA Shared Services Center,"URBANA, IL (District 13)",04/28/2025,06/24/2025,"Grant, Grant For Research","Educational - 1862 Land Grant College, Educational Institution, State Controlled Institution of Higher Learning, State Government, US Government Entity",$0,$0,[None Indicated],,,,"Understanding the formation and evolution of galaxies over cosmic time is one of the foremost goals of astrophysics and cosmology today. the cosmic star formation rate has undergone a dramatic evolution over the course of the last 14 billion years, and dustobscured star forming galaxies (dsfgs) are a crucial component of this evolution. a variety of important, bright, and unextincted diagnostic lines are present in the FAR-infrared (FIR) which CAN provide crucial insight into the physical conditions of galaxy evolution, including the instantaneous star formation rate, the effect of agn feedback on star formation, the mass function of the stars, metallicities, and the spectrum of their ionizing radiation. FIR spectroscopy is technically difficult but scientifically crucial. the FIR waveband is impossible to observe from the ground, and spans a crucial gap in the spectroscopic coverage between the atacama large millimeter/submillimeter array (alma) in the sub/mm, and the james webb space telescope (jwst) in the mid-IR. stratospheric balloons offer a platform which CAN outperform current instrument sensitivities and are the only way to provide large-area, wide bandwidth spatial/spectral mapping at FIR wavelengths. .we propose an aggressive program of instrumentation development and experimental study called the spectroscopic terahertz airborne receiver for FAR-infrared exploration (starfire), with the goal of demonstrating the key technical milestones necessary for FIR spectroscopy. starfire will provide a technological stepping stone to the future space-borne instrumentation such AS the origins space telescope (ost, formerly the FAR-IR surveyor) or a probe mission. starfire will address the two key technical issues necessary to achieve this: 1) low-emissivity, high-throughput telescope and spectrometer optics for the FIR 2) background-limited detectors in large format arrays, scalable to &gt;10,000 pixels. we will DO this BY constructing an INTEGRAL-field spectrometer from 240 - 420 microns coupled to a 2-meter low-emissivity carbonfiber telescope. the development of the optics will utilize the capabilities of the arizona steward observatory mirror lab and the unique expertise of our spectroscopic experts to create high-throughput optics. for the detectors, we will leverage the highly advanced development work of the caltech / JPL group to develop and field kinetic-inductance detectors (KIDS). KIDS represent the most promising route to economical, large format submillimeter detector arrays. .in addition to the development and demonstration of crucial technologies for the FIR, starfire will perform groundbreaking science. we will survey two 0.1 square degree fields centered on goods-s and the south pole telescope deep field, both of which have rich ancillary data. scientifically, we will: 1) obtain spectroscopic line detections of ~100 galaxies in the atomic fine structure lines [cii](158 microns) (at 0.5&lt;z&lt;1.5), [nii](205 microns) (at 0.2&lt;z&lt;1 ), [OI](63 microns) (at 2.8&lt;z&lt;5.7 ) and [oiii](88 microns) (at 1.7&lt;z&lt;3.8) 2) establish the mean star formation rate (proportional to [cii] luminosity), metallicities (proportional to the [cii]/[nii] ratio), and agn content (proportional to the [oiii] luminosity) of galaxies using a stacking analysis of known sources in the field 3) produce deep maps of the 3d structure of the universe BY redshift tomography (''intensity mapping'') with [CI], and [cii] x [nii] cross-spectra, to constrain the cosmic star formation history at cosmic noon, and lay the important groundwork for extending this technique to even higher redshifts to eventually explore the epoch of reionization. .we note there is significant discovery potential with starfire, since it will be probing an under-explored wavelength range with unprecedented sensitivity using a new astrophysical technique. starfire is critical to the NASA roadmap of developing technologies for a future FIR space mission. ."
2025,MD,MD-07,"Association Of Universities For Research In Astronomy, Inc.",80NSSC20K0586,Modification P00006,NSSC - NASA Shared Services Center,"BALTIMORE, MD (District 07)",07/18/2025,11/30/2026,"Grant, Grant For Research","Non-Profit Institutions - Corporate Entity Tax Exempt, Nonprofit Organization","$91,792",$0,[None Indicated],,,,Jwst telescope scientist investigation single-source
2025,FL,FL-10,"University Of Central Florida Board Of Trustees, The",80NSSC21K0396,Modification P00004,NSSC - NASA Shared Services Center,"ORLANDO, FL (District 10)",03/20/2025,01/31/2026,"Grant, Grant For Research","Educational - Corporate Entity Tax Exempt, Educational Institution, Other Not For Profit Organization, State Controlled Institution of Higher Learning",$0,$0,[None Indicated],,,,"The imminent launch of the james webb space telescope in collaboration with the very and extremely large ground-based telescopes is expected to revolutionize our understanding of exoplanet atmospheres. for the FIRST time we will have ACCESS to high resolution, broad wavelength-coverage observations of exoatmospheres, with unprecedented high signal-to-noise-ratios (SNR). this will allow us to constrain the atmospheric properties of exoplanets, such AS their composition and cloud content and their temporal evolution for the FIRST time and open a new window in the study of exoatmospheres. experience from our own SOLAR system though, suggests that flux only observations suffer from degeneracies, and ground- and space based polarimetry observations from the current and future telescopes (with instruments such AS spirou, crires+, hispec and pollux to name a few) will be needed to break those degeneracies. a number of exoatmospheres have been observed to date that show significant polarization, and even polarized rotational variability. however, no grid of models exists to date that allows us to characterize high-resolution spectropolarimetric observations. we propose to create the FIRST grid of high-resolution polarimetric spectra of directly imaged exoplanets. for the creation of the grid we will use a state-of-the-art code that CAN calculate in a self-consistent way the temperature-pressure and composition profile and cloud profiles of an atmosphere of any arbitrary composition and then will calculate its full spectropolarimetric signal. we will then use an instrument simulator (psisim) on our models to test the detectability of spectral features BY current and future ground- and space-based instruments. psisim is a python-based instrument simulator with a flexible framework, built for translating theoretical spectra and polarized spectra into SNR estimates based on bulk instrument properties. it currently INCLUDES modes for hispec, modhis and has plans to EXPAND to more instruments in the NEAR future. finally, we will invert the modeled  observed  spectra to create the FIRST retrieval algorithm for polarimetric observations of exoplanet atmospheres. we will test our retrieval algorithm on existing polarimetric observations of exoatmospheres that our team has ACCESS to. our proposed research will create a powerful suite of tools to characterize the spectropolarimetric signal of imaged exoplanets and uniquely complement current characterization tools, allowing us to break degeneracies on the characterization of existing and future exoatmosphere spectropolarimetric observations. our proposed research will, e.g., enable us to characterize the microphysical properties of clouds on directly imaged exoplanets, accurately constrain their cloud top pressures and break degeneracies in the location of clouds in exoatmospheres that flux-only observations have. our proposed research will finally enable the strategic planning of observations of directly imaged planets, and the designing of future space telescopes. the proposed research aims to create a suite of tools that will help the community characterize and understand the physical processes that govern exoplanet atmospheres and is thus directly relevant to the NASA xrp call."
2025,NY,NY-12,"American Museum Of Natural History, The",80NSSC21K0636,Modification P00005,NSSC - NASA Shared Services Center,"NEW YORK, NY (District 12)",08/18/2025,08/31/2026,"Grant, Grant For Research","Non-Profit Institutions - Corporate Entity Tax Exempt, Nonprofit Organization",$0,$0,[None Indicated],,,,"M dwarfs are the most common and longest-lived stars in the galaxy, and they host some of the most exciting planetary systems discovered so FAR. the Transiting Exoplanet Survey Satellite (TESS) and the james webb space telescope (jwst) are targeting m dwarfs in particular, to search for rocky planets in habitable zones and to study their atmospheres. the ages of m dwarfs would allow us to study the formation and evolution of rocky worlds and would provide context for atmospheric models. although the ages of planet hosts are fundamental measurements for planetary characterization, m dwarf ages are extremely difficult to measure.  gyrochronology , the method of using rotation periods to age-date stars, could provide m dwarf ages with uncertainties AS small AS 10-20%. however, the gyrochronology relations are not yet calibrated for such low-mass stars. TESS archival data provide a new opportunity to measure the rotation periods of thousands of m dwarfs, and to use them to calibrate gyrochronology with galactic kinematics. we propose to 1) produce a catalog of 300,000 new rotation periods, including around 160,000 m dwarf periods, from archival TESS data, 2) calculate 3d velocities and kinematic ages for these stars, and 3) use these rotation periods and ages (combined with data from the kepler, k2 and mearth surveys) to extend the gyrochronology relations into the m dwarf regime. we will calibrate a gaussian process gyrochronology model. this will be the FIRST empirical gyrochronology relation that is flexible enough to capture the complexities of stellar spin-down and is suitable for fgkm dwarfs of all ages. AS a secondary goal, we will use this new rotation period catalog to investigate the origin of a mysterious, thin gap in the distribution of rotation periods, that was revealed BY kepler data. our new m dwarf rotation periods will reveal whether the gap extends into the fully convective regime, (m &lt; 0.35m.), providing fundamental clues to its origin. these goals are achievable because we CAN measure long rotation periods from TESS data. our detrending pipeline is purpose-built to preserve long-term stellar variability in TESS data. without such tools it is only possible to measure rotation periods up to 15 days (even for stars in TESS s continuous viewing zones), but most m dwarfs have rotation periods longer than 30 days. we have established the core functionality of our pipeline, but will make further improvements to it, including optimizing it for faint targets and crowded regions. our code will be packaged, tested, licensed AS open-source, and hosted on github, pypi and zenodo, with full documentation on readthedocs.io. this code will allow the community to apply the following steps of our pipeline to any TESS target: extract detrended light curves from TESS full frame images, clean them and stitch sectors together, apply multiple period detection algorithms (including gaussian process regression, phase-dispersion minimisation, autocorrelation functions and lomb-scargle periodograms), and infer ages with our new gyrochronology relation. outside of the rotation catalog we publish, we expect a further three million fgk stars in TESS cycles 1 and 2 to have rotation periods and ages measurable with our pipeline. these stars will not be included in our catalog, but the code we provide will allow the community to ACCESS their ages and rotation periods independently."
2025,CO,CO-02,"Regents Of The University Of Colorado, The",80NSSC21K1207,Modification P00001,NSSC - NASA Shared Services Center,"BOULDER, CO (District 02)",05/12/2025,05/25/2024,"Grant, Grant For Research","Educational - Educational Institution, State Controlled Institution of Higher Learning, State Government, US Government Entity",$-49,$-49,[None Indicated],,,,"The proposed work will conduct numerical modeling and theoretical research on the atmospheres of sub-neptune exoplanets, which are both common and amenable targets for the james webb space telescope."
2025,CA,CA-16,Seti Institute,80NSSC21K1466,Modification P00006,NSSC - NASA Shared Services Center,"MOUNTAIN VIEW, CA (District 16)",06/09/2025,07/05/2026,"Grant, Grant For Research","Non-Profit Institutions - Corporate Entity Tax Exempt, Nonprofit Organization",$0,$0,[None Indicated],,,,Molecular BEAM gas-ice-grain astrochemistry in support of the jwst mission.
2025,CO,CO-02,"Regents Of The University Of Colorado, The",80NSSC22K0232,Modification P00005,NSSC - NASA Shared Services Center,"BOULDER, CO (District 02)",01/03/2025,11/22/2025,"Grant, Grant For Research","Educational - Educational Institution, State Controlled Institution of Higher Learning, State Government, US Government Entity",$0,$0,[None Indicated],,,,"Our goal is to build the FIRST multi-object spectrograph (mos) suitable for deployment on a suborbital (or space-based platform) using a digital micromirror device (dmd) and evaluate the suitability of these spectrographs for future missions, with a focus on the Ultraviolet regime (100   200 nm). highly multiplexed space-based spectroscopy is an essential capability of a large number of proposed missions and mission concepts, from flaghship (e.g. hab-ex, luvior) to probe class (e.g. spherex, ATLAS), with goals ranging from deep observations of dense fields to all-sky spectroscopic surveys. to date, slitless spectroscopy has been the only type of multi-object spectroscopy performed with space-based telescopes. the nirspec instrument on the james webb space telescope will be the FIRST space-based mos with the ability to select multiple targets of interested and block UN-wanted sources. nirspec uses microshutter arrays (msas), which were developed BY NASA specifically for it. at this time, msas are the only sufficiently mature technology for space-based multi-object spectroscopy. msas hold several key advantages (e.g. transmissive at all wavelengths, large usable area), however they are expensive and not widely available. an alternative technology to microshutter arrays are digital micromirror devices (dmds): a commercial product, originally developed for the TV and projector market BY texas instruments. dmds consist of a large number of small mirrors (common formats are 768 x 1024 mirrors and 1080 x 2048 mirrors), that CAN be tilted, independently, bi-directionally away from the normal orientation. dmds are a mature, inexpensive, and extremely reliable product. several multi-object spectrographs designed for ground-based telescopes have been built (ritmos, irmos) or are in construction (samos, batman). in previous work, we have shown that dmds are suitable for operation in space. dmds are not particularly sensitive to the radiation environment of space or the mechanical stresses experienced during launch. these devices CAN operate in a vacuum and over a wide temperature range (72 k   400 k). although commercially available dmds are designed for use in the visible regime, we have shown that their use CAN be extended into the nuv range (BY replacing the protective borosilicate window with UV-transparent materials) or the fuv range (BY re-coating the mirror surface with advanced fuv coatings, such AS AL/lif). in this work, we focus on the development of a flight-suitable mos for the FAR Ultraviolet regime, using digital micromirror devices (dmds). the FIRST immediate goal of this work is to build a dmd-based mos for the fuv range and characterize its optical performance. then, we will retrofit this prototype for operation in the nuv/optical range and fly it AS a secondary payload on our sounding rocket, infuse. this would be the FIRST time a dmd-based instrument is flown on a suborbital or space-based platform. this achievement will advance our larger, long-term effort to develop the spectroscopic Ultraviolet multi-object observatory (sumo)   a mission concept with a dmd-based mos AS the primary scientific instrument. in parallel, we will continue our previous efforts to develop coating techniques for the fuv regime, for monolithic optics (mirrors, gratings), AS well AS for more complex segmented optics and opto-mechanical devices. the proposed work leverages the previous successes of several NASA SAT programs aimed at developing dmds for use in space and the development of advanced mirror coatings for the fuv regime. a rigorous characterization of a dmdbased spectrograph in the fuv and a successful demonstration of a dmd-based flight instrument are two critical milestones on the path towards dmd-based instruments for spacebased missions across the full gamut of NASA s mission portfolio."
2025,CA,CA-39,Regents Of The University Of California At Riverside,80NSSC22K0235,Modification P00003,NSSC - NASA Shared Services Center,"RIVERSIDE, CA (District 39)",03/03/2025,12/31/2025,"Grant, Grant For Research","Educational - 1862 Land Grant College, Corporate Entity Tax Exempt, Educational Institution, Hispanic Servicing Institution, Nonprofit Organization",$0,$0,[None Indicated],,,,"A key goal of exoplanet science is the characterization of terrestrial exoplanet atmospheres, for which the most compelling targets include the trappist-1 system. the 7 terrestrial planets of trappist-1 are uniquely accessible to atmospheric characterization due to the proximity and small size of trappist-1. these worlds receive diverse stellar irradiation, providing an exceptional opportunity for comparative planetology [106]. consequently, trappist-1 is a high-priority observational target for upcoming facilities like the james webb space telescope (jwst). notably, multiple approved jwst programs target the atmospheres of the trappist-1 worlds. our proposal aligns with the exoplanets research program goal of exploration of the chemical...processes of exoplanets (including...their...atmospheres) . our work addresses objective 1.1 searching for life elsewhere of the 2018 NASA strategic plan, the  laboratory measurements and ab initio calculations  overarching challenge in the 2018 NAS exoplanet science strategy, and the community mandate for better exoplanet model inputs [26,27]."
2025,AZ,AZ-07,Planetary Science Institute,80NSSC22K0317,Modification P00005,NSSC - NASA Shared Services Center,"TUCSON, AZ (District 07)",02/12/2025,01/14/2026,"Grant, Grant For Research","Non-Profit Institutions - Corporate Entity Tax Exempt, Nonprofit Organization","$163,626",$0,[None Indicated],,,,"We will observe 38 uhjs using three sites in the northern and southern hemisphere, using mostly moderate-aperture, roboticized telescopes to acquire hundreds of transits with midtimes accurate to 1-2 minutes. we will update the transit ephemerides, so that future transits may be more accurately predicted. combining four years of new data with literature data will give most of our target uhjs 10+ years of observations, which we will search for deviations from constant periods. if wasp-12 b is typical, we would expect some of the population we observe to have detectable orbital decay during the course of this proposal. if none is detected, then we CAN place constraints on the allowed $q_/star^/PRIME$ value, providing the FIRST empirical estimate of this fundamental property for a broad range of stars hosting uhjs. we will monitor a population of bright (v&lt;13), deep (&gt;0.9/%), transiting ultra-hot-jupiters for deviations from constant period. this population is extremely valuable for many future research projects, including (but not limited to): high-precision atmospheric observations, possibly of escaping atmospheres, with jwst and other telescopes theoretical modeling of how q_*' varies with planetary and stellar properties and investigations into the formation and evolution of systems with giant, close-in planets. this proposal directly addresses three of the four xrp goals: (1) ""detection of exoplanets and/or ation of exoplanet candidates"" (2) ""observational characterization of exoplanets, their atmospheres, their interactions with their host stars, or specific host star properties that directly impact our understanding of exoplanetary systems"" and (4) ""improvements to our understanding of the origins of exoplanetary systems."
2025,FL,FL-03,University Of Florida,80NSSC22K0812,Modification P00003,NSSC - NASA Shared Services Center,"GAINESVILLE, FL (District 03)",06/26/2025,06/30/2026,"Grant, Grant For Research","Educational - 1862 Land Grant College, Educational Institution, School Of Forestry, State Controlled Institution of Higher Learning, State Government, US Government Entity, Veterinary College",$0,$0,[None Indicated],,,,"RED giant stars are often used AS a diagnostic of galactic histories because they are bright, plentiful in all galaxies regardless of current star formation rate, and particularly visible in wavelengths not obscured BY dust. in the future, NASA s jwst mission intends to EXPAND these studies of how galaxies form and evolve to a wider range of galaxies across cosmic time. however, all of this work relies on accurate models of RED giant stars that CAN convert the observed light into estimates of compositions and ages. unfortunately, work BY NASA s kepler, k2, and now TESS missions studying stars in the nearby universe have demonstrated that current models of RED giant stars are significantly offset from reality. using a combination of asteroseismic masses and radii AS well AS ground-based spectroscopy, fundamental parameters are now available for thousands of RED giant stars. preliminary work comparing these results to model predictions has demonstrated that these offsets between models and data are age and metallicity dependent, which raises concerns for future extrapolations of these models to lower metallicity galaxies earlier in cosmic time AS well AS our ability to accurately estimate ages for even the most well studied stars. we therefore propose to: - identify the current discrepancies between published grids of models, document these differences AS a function of mass and metallicity, and provide an easy to use open source tool to estimate current uncertainties on the inferences of ages from observational data - leverage the existing open source stellar evolution code mesa to thoroughly explore how uncertainties in stellar physics cause variation in commonly used diagnostics such AS the temperature of the giant branch, the location of the RED clump, the luminosity of the RED giant branch tip, the location of the RED giant branch bump, and the chemical mixing at the FIRST dredge up. - use currently available data to generate publicly available calibrated models that are significantly more consistent with the properties of REAL RED giant stars than any current models. these better models will then represent a tool for a wide variety of astrophysical studies to interpret data from our own milky way (kepler, k2, TESS, spherex) and in other galaxies (hst, jwst) through data from both individual stars and through stellar population synthesis."
2025,AZ,AZ-04,Arizona State University,80NSSC22K1265,Modification P00003,NSSC - NASA Shared Services Center,"TEMPE, AZ (District 04)",04/21/2025,06/26/2026,"Grant, Grant For Research","Educational - Educational Institution, State Controlled Institution of Higher Learning, State Government, US Government Entity",$0,$0,[None Indicated],,,,"All stable elements heavier than lithium were synthesized in stars, but all stars observed to date have substantial mass fractions of heavier elements. thus, the earliest stellar generation, referred to AS population III (POP III), is missing. while this absence could be due to the formation of an extremely small number of metal-free stars, detailed theoretical studies suggest that it is more likely that these stars were short-lived, existing only in the early stages of cosmic structure formation. for this REASON, early analytic estimates suggested that the epoch of metal-free star-formation was confined redshifts above z   15. however, these estimates overlooked the fact that the pollution of the universe was highly non-uniform, meaning that large regions remained metal-free for at least a billion years after the FIRST supernovae took place. in fact, modeling the properties of this inhomogeneous enrichment is likely the most important single issue required in understanding the history of POP III star formation. to capture this evolution, we have developed a unique, carefully-tested sub grid model that explicitly tracks mixing within every zone in a cosmological simulation. we have also combined this package with state-of-the-art cosmological radiative transfer code to develop a hybrid tool that is uniquely suited to modeling the rise of the FIRST stars during the epoch of reionization. for this study we will refine and apply this hybrid code to conduct a comprehensive numerical study of POP III star formation during the epoch of reionization. our investigation will be divided into three stages: (i) implementing an improved model of nonequilibrium chemistry to refine the capabilities of our hybrid code (II) carrying out a suite of simulations that span the unknown properties of reionization and POP III stars and (III) working with experts in theory and observation to apply our results to provide insights into how observational searches CAN constrain key, unknown parameters of POP III galaxies, stars, and supernovae. together, these predictions will not only help interpret forefront observations from the james webb space telescope, but also DRIVE mission planning for the next generation of ground and space-based telescopes."
2025,AZ,AZ-07,University Of Arizona,80NSSC22K1293,Modification P00003,NSSC - NASA Shared Services Center,"TUCSON, AZ (District 07)",07/18/2025,08/16/2026,"Grant, Grant For Research","Educational - 1862 Land Grant College, Educational Institution, Hispanic Servicing Institution, State Controlled Institution of Higher Learning, State Government, US Government Entity","$385,660",$0,[None Indicated],,,,"I was selected for participation in jwst (then the next generation space telescope) on the basis of a proposal that highlighted my contributions to the instrument development and support in the following areas: (1) providing inputs regarding efficient instrument operations (2) providing insights to the non-ideal behavior of the si:AS ibc MIRI detectors (3) calibration of MIRI, including tools and inputs to the pipeline and especially absolute calibration (4) major involvement in instrument commissioning and (5) outreach, including establishing and maintaining a MIRI web page. although the details have changed with the passage of time and the development of the instrument, i am still deeply involved in the SAME areas to support MIRI   basically, other than the normal evolution of the tasks, there has been no change in the areas i am supporting. work in these areas will continue across the project through the period of the two-year launch delay. although i continue to be involved in all five areas, my contributions are particularly important in numbers (2), (3), and (4), AS i discuss below. in addition, we will soon be analyzing and publishing the results from my guaranteed time observations. MIRI has been developed BY an integrated team with personnel from the european consortium, arizona, JPL and stsci working in organized groups with defined responsibilities for team members. i have built a small group of scientists to support the instrument development, recently augmented to focus on the gto science. five members of this team have been actively supporting commissioning on-site at stsci and they are also actively involved in supporting analyses from arizona, and in addition they have been assisting me in refining the absolute calibration of the instrument under task (3). this proposal will fund the continuation of the active support of commissioning up to enabling full science operations of jwst. i anticipate that on-orbit operation will expose items in the pipeline and detector behavior that will need continued attention, which the team will need to address making use of its experience with the instrument. in addition to these efforts in support of commissioning, pipeline optimization, and absolute calibration, these individuals play key roles in my gto science program. dr. morrison will assist us in reduction of our MIRI ifu spectra of ultra-luminous infrared galaxies and is generating software to allow correction for slit losses in our proposed observations with nirspec. dr. alberts is the lead for our deep survey in the hudf. dr. gaspar is leading the overall program on planetary debris disks and he will be assisted BY dr. su, who in addition has PRIME responsibility for the PART of that program involving variability."
2025,MD,MD-07,"Association Of Universities For Research In Astronomy, Inc.",80NSSC22K1294,Modification P00004,NSSC - NASA Shared Services Center,"BALTIMORE, MD (District 07)",11/21/2024,12/25/2025,"Grant, Grant For Research","Non-Profit Institutions - Corporate Entity Tax Exempt, Nonprofit Organization","$331,057",$0,[None Indicated],,,,"22-smdss22-0018, funding data analysis of jwst gto observations BY the stsci group"
2025,AZ,AZ-02,Northern Arizona University,80NSSC22K1375,Modification P00001,NSSC - NASA Shared Services Center,"FLAGSTAFF, AZ (District 02)",12/18/2024,07/31/2026,"Grant, Grant For Research","Educational - Educational Institution, Hispanic Servicing Institution, School Of Forestry, State Controlled Institution of Higher Learning, State Government, US Government Entity","$396,837",$0,[None Indicated],,,,"We propose to investigate space weathering in carbonaceous chondrite meteorites focusing on how the 3- m spectral region, AS well AS the structural and chemical properties of these samples are altered BY ion and laser irradiation. in this three-year study, we will build on our experience studying space weathering of chondritic lunar and asteroid analogs BY examining weathering in relevant carbonaceous chondrite meteorites induced BY laser and ion irradiation. this study will be the FIRST to systematically investigate both space weathering processes in a suite of relevant meteorite samples, using regolith-like samples, AS well AS the FIRST to study the three main processes (direct laser irradiation, direct ion irradiation, and vapor redeposition) using the SAME experimental setup. using mid-infrared reflectance spectroscopy (mid-IR), x-ray photoelectron spectroscopy (xps), and transmission electron microscopy/ energy dispersive spectroscopy (TEM/EDS) AS our main diagnostic tools, we will focus on the following overarching question: what are the characteristics of hydrated carbonaceous asteroids and meteorites that have been subjected to space weathering processes? this proposed systematic study will significantly enhance our understanding of how the spectral features indicative of hydrated asteroids are altered BY space weathering. this knowledge will greatly increase the ability of scientists to use this spectral region for compositional analysis of hydrated asteroids, an approach that we anticipate will be even more common after the launch of the james webb space telescope. additionally, while this proposal is not focused on one specific asteroid, we anticipate that our study will yield information critical for interpreting data from remote sensing observations made of osiris-rex and hayabusa2 missions, which are targeting what are believed to be carbonaceous asteroids. furthermore, this work is relevant to the SOLAR system workings program AS it  seeks to understand processes that occur throughout the SOLAR system  and will consist of  laboratory studies that examine physical or chemical properties and processes  that may be important for the carbonaceous asteroids present in our SOLAR system."
2025,AZ,AZ-07,University Of Arizona,80NSSC23K0260,Modification P00002,NSSC - NASA Shared Services Center,"TUCSON, AZ (District 07)",03/03/2025,12/31/2025,"Grant, Grant For Research","Educational - 1862 Land Grant College, Educational Institution, Hispanic Servicing Institution, State Controlled Institution of Higher Learning, State Government, US Government Entity","$158,222",$0,[None Indicated],,,,"Atmospheric escape shapes the population of exoplanets, the mass and composition of their gaseous envelopes, and the atmospheres of rocky planets. the population of known exoplanets detected BY the kepler space telescope and the Transiting Exoplanet Survey Satellite (TESS) INCLUDES features such AS the gap in planet occurrence NEAR 1.8 earth radii, known AS the radius valley, and the dearth of neptune-mass planets at close-in orbits, known AS the hot neptune desert. models of atmospheric escape suggest that these features CAN be produced BY photoevaporation driven BY stellar x-ray and EUV (xuv) radiation and envelope loss due to rapid roche lobe overflow but more work is needed to fully understand the role of mass loss in shaping the population of exoplanets and the composition of their envelopes. escape models CAN be tested directly BY observing the upper atmospheres of the hot jupiters and neptunes that line up along the boundary of the hot neptune desert and ACT AS a reference point for planet population studies. in addition to transits in atomic hydrogen and heavy element lines in the FAR-Ultraviolet (fuv), recent observations reveal excited states of hydrogen and helium in the visible and NEAR-IR, along with absorption BY neutral and ionized metals on some of the hottest planets most likely to undergo significant mass loss. at the SAME time, models that simultaneously fit these features at different wavelengths, probing different depths in the escaping atmosphere, DO not yet exist. we propose to develop a self-consistent model of hot exoplanet atmospheres to interpret observations of escaping atmospheres at multiple wavelengths. this model will combine a model of the upper atmosphere and hydrodynamic escape to a model of photochemistry and thermal structure in the lower and middle atmosphere. the model of the lower and middle atmosphere will include the effects of escape on the density and temperature profiles, based on the mass loss rates predicted BY the upper atmosphere model. the model of the upper atmosphere and escape will in turn be consistent with the structure and composition of the lower and middle atmosphere. this framework will be adapted to interpret observations, predict observables for future missions, and calculate the mass loss rate for all planets with known transit observations probing the upper atmosphere. this proposal is relevant to the xrp program because it explores  the chemical and physical processes of exoplanets , with an emphasis on their atmospheres, and proposes a theoretical study that focuses on  characterization of exoplanets and exoplanetary systems . this study makes observationally testable predictions that are relevant to current and NEAR future observations. in addition to observations obtained BY the hst, many ground-based instruments are now used for high resolution spectroscopy of several different absorption lines that probe exoplanet upper atmospheres. atmospheric escape is also relevant to the planets that will be targeted BY the james webb space telescope (jwst) because it CAN have observational consequences in altering the infrared spectra of planets with different ages. in addition, our proposed work supports the planning of future Ultraviolet observatories."
2025,MD,MD-07,"Johns Hopkins University, The",80NSSC23K0268,Modification P00003,NSSC - NASA Shared Services Center,"BALTIMORE, MD (District 07)",03/31/2025,12/31/2025,"Grant, Grant For Research","Educational - Corporate Entity Tax Exempt, Educational Institution, Nonprofit Organization, Private University Or College","$105,603",$0,[None Indicated],,,,"The successful launch of jwst and the astrophysics decadal recommendation for development of a future UV-capable large telescope opens up a new era in exoplanet characterization. although these telescopes will allow us to begin collecting transmission spectra of atmospheres of some exoplanets, interpreting the observations to constrain the conditions that may exist on the surface of the planet will be challenging. important studies have been conducted using various atmospheric and magnetospheric models combined with retrieval modeling to provide observational constraints for earth-like and venus-like exoplanets. although some studies have begun to consider titan-like exoplanet atmospheres, these have to date been limited in scope and more work is needed to prepare for the potential discovery of exotitans. we propose to DO this through atmospheric and magnetospheric modeling, combined with retrieval modeling   all informed BY existing observations of titan. science goal: the objective of this proposal is to look at and identify key observational signatures for jwst and for a future UV telescope of titan-like exoplanets using observations of titan and model simulations of titan-like exoplanets. we will achieve this goal BY answering the following science objectives: 1. how does photochemistry in a titan-like exoplanet differ from titan photochemistry for known exoplanets identified for observations with jwst? 2. are there any compositional signatures of a methane/ethane ocean on the surface of an exoplanet? 3. DO exoplanet atmospheric retrieval methodologies provide an accurate characterization of the previously published titan transmission spectrum from cassini, and what are the key observational signatures that may be detectable with jwst? methods/techniques: the overarching approach for this work will be to use spectroscopic observables to characterize the atmosphere, and to use the atmosphere to constrain the existence and extent of surface processes/liquids. we will conduct various simulations of titan-like atmospheres for known exoplanets where the surface temperature is in a range allowing for liquid ethane or methane on the surface given a titan-like atmosphere. the goal will be to determine minor species that would be stable in the conditions represented BY the exoplanet. we will conduct retrieval modeling of these simulated atmospheres to evaluate the variability of the observations based on atmospheric properties we will evaluate the solubility of species produced in the previous step in liquid methane and/or ethane to determine if specific species would be missing when an ocean is present on the surface. finally, to provide ground truth for this study we will conduct retrieval modeling to infer atmospheric properties (trace and bulk molecular abundances, temperature structure, and haze properties) of titan from exoplanet-analog transmission spectrum observations in the jwst/nirspec PRISM band. we will assess degeneracies between molecular abundances and haze properties to develop a minimally parametric haze model that mitigates biases and enables an accurate assessment of titan-like exoplanets. relevance and perceived significance: the proposed investigation is highly relevant to the objectives of the xrp and to NASA s interests in general. this work aims to  significantly improve our understanding of exoplanets  BY using models to perform a thorough  exploration of the chemical and physical processes  of titan-like exoplanets,  including the state  of their surfaces, interiors, and atmospheres,  culminating in the  development of  observationally testable prediction[s].  this work also crosses traditional divisional science boundaries BY focusing on  comparisons to bodies within our SOLAR system  specifically for the  advancement of exoplanet science  and is therefore within the scope of xrp."
2025,AZ,AZ-07,University Of Arizona,80NSSC23K0467,Modification P00003,NSSC - NASA Shared Services Center,"TUCSON, AZ (District 07)",06/02/2025,12/31/2025,"Grant, Grant For Research","Educational - 1862 Land Grant College, Educational Institution, Hispanic Servicing Institution, State Controlled Institution of Higher Learning, State Government, US Government Entity",$0,$0,[None Indicated],,,,"We propose to construct and analyze a complete spectroscopic database from publicly available keck/deimos data in the goods-n, goods-s, and EGS extragalactic deep fields contained within the Keck Observatory Archive. this database will provide a comprehensive set of spectroscopic measurements for galaxies identified at 3.5 &lt; z &lt; 7, including redshifts, emission line fluxes, equivalent widths, and line morphologies, combined with a host of associated galaxy properties. in addition to these measurements, we will provide the complete set of reduced spectra for the over 1500 high-redshift galaxies in the archival sample through an online portal, providing legacy value for a host of future extragalactic studies. in addition to creating this archival database, we will use the information within to:   trace the nature of lyman alpha emission from galaxies at high redshift, providing a timeline for the progression of reionization, and the galaxies that contribute.   through the use of interstellar absorption lines, we will probe the association between internal characteristics with the surrounding medium. this connection will provide important calibrations on the efficiency of ionizing radiation transport for galaxies into the reionization era.   identify the nature of the massive star population and gas-phase properties in galaxies NEAR the end of reionization using established probes in the rest-UV. the information contained within this database will further augment the multitude of upcoming datasets soon to arrive from jwst and the roman space telescope, and will provide GREAT value to the extragalactic community."
2025,CA,CA-16,Seti Institute,80NSSC23K0749,Modification P00003,NSSC - NASA Shared Services Center,"MOUNTAIN VIEW, CA (District 16)",04/22/2025,03/08/2026,"Grant, Grant For Research","Non-Profit Institutions - Corporate Entity Tax Exempt, Nonprofit Organization","$117,078",$0,[None Indicated],,,,"22-adap22-0170, comprehensive study of dust, molecules, and ejecta in supernovae and their remnants for the jwst era"
2025,VA,VA-11,George Mason University,80NSSC23K1131,Modification P00003,NSSC - NASA Shared Services Center,"FAIRFAX, VA (District 11)",04/21/2025,06/07/2026,"Grant, Grant For Research","Educational - Educational Institution, State Controlled Institution of Higher Learning, State Government, US Government Entity",$0,$0,[None Indicated],,,,"The key outcomes of the proposed study will be: 1) a public catalog of coronal line fluxes, line profiles, outflow properties, along with x-ray continuum slopes, estimates of intrinsic absorption, and derived properties such AS black hole masses and eddington ratios for a large sample of type 1 agns spanning a wide range of properties. 2) the coronal line detection rate in type 1 agn and its relation to x-ray properties 3) correlation relations between coronal line luminosities, flux ratios, x-ray luminosities and spectral slopes. 4) a determination of the intrinsic absorption of the agns in bulgeless galaxies with the unprecedented sensitivity of jwst and the next generation of 30 m class telescopes, coronal line emission will be widely detected in galaxies out to high redshifts, but the lessons learned from current surveys have not yet been fully extracted and their diagnostic potential not fully understood. this study will therefore inform future imminent studies with jwst. the result will be the FIRST large scale investigation of the comprehensive set of optical coronal line emission in type 1 agns observed BY sdss. the proposed program employs a wealth of publicly available XMM-newton data, and the results will help pave the way forward with jwst and future 30 m class telescopes."
2025,CA,CA-04,"University Of California, Davis",80NSSC23K1132,Modification P00003,NSSC - NASA Shared Services Center,"DAVIS, CA (District 04)",05/02/2025,06/30/2026,"Grant, Grant For Research","Educational - 1862 Land Grant College, Corporate Entity Tax Exempt, Educational Institution, Other Not For Profit Organization, Veterinary College",$0,$0,[None Indicated],,,,"We propose to establish this new optical+IR method of direct metallicity measurements using the rich archive of herschel spectroscopy, and thereby enable reliable chemical evolution studies reaching cosmic dawn. we will measure electron temperatures (T_e) and direct method metallicities using herschel IR emission line observations of z~0 galaxies for which the optical metallicity diagnostics are already well-established. this project has three main objectives. (1) we will establish the optical+IR method BY calculating metallicities from the FAR-IR lines and comparing with those derived from optical auroral lines (i.e., the direct method used at z0--3.5). this is necessary to determine any systematic offset in the metallicity scale, and to assess the precision BY examining the scatter between different methods. (2) we will determine the degree to which temperature fluctuations bias optical metallicity measurements, and thereby seek to establish the absolute metallicity scale. the optical-only T_e method is known to underestimate the metallicity derived from other direct methods BY ~0.2--0.3 dex this ""abundance discrepancy factor"" is thought to arise from modest temperature fluctuations. since the IR lines are nearly insensitive to such fluctuations, herschel data allow us to independently assess and correct for this effect. (3) we will construct ""strong-line"" metallicity calibrations based on the optical+IR method to determine the most promising methods for estimating metallicity in galaxies at high redshifts, where only a limited number of the brightest emission lines are typically detected. our ultimate goal is to establish a foundation for robust chemical evolution studies from z0--9+ in order to fully exploit observations at the highest redshifts with jwst and alma. the results of this project will have an immediate benefit of understanding and largely eliminating the dominant systematic uncertainty in metallicity measurements, namely the abundance discrepancy factor, which applies to existing spectroscopic samples of &gt;100,000 galaxies at z0 and &gt;1000 at z&gt;1. analysis of FAR-IR spectroscopy from herschel represents the crucial missing link to establish the metallicity scale at z0 and pave the way for precision studies in the era of cosmic dawn with jwst and alma."
2025,GA,GA-05,Georgia State University Research Foundation Inc,80NSSC23K1446,Modification P00002,NSSC - NASA Shared Services Center,"ATLANTA, GA (District 05)",07/30/2025,08/31/2026,"Grant, Grant For Research","Non-Profit Institutions - Corporate Entity Tax Exempt, Foundation, Nonprofit Organization","$44,500",$0,[None Indicated],,,,Serendipitous binaries with hst and jwst: detecting and modeling stellar multiplicity in the galactic HALO using archival.data
2025,MI,MI-07,Michigan State University,80NSSC23K1575,Modification P00001,NSSC - NASA Shared Services Center,"EAST LANSING, MI (District 07)",04/09/2025,04/30/2026,"Grant, Grant For Research","Educational - 1862 Land Grant College, Educational Institution, School Of Forestry, State Controlled Institution of Higher Learning, State Government, US Government Entity, Veterinary College",$0,$0,[None Indicated],,,,23-xmmnc22-0035 observations of the jwst/gto merging cluster plck g165.7+67.0
2025,MD,MD-04,"University Of Maryland, College Park",80NSSC24K0157,Modification P00001,NSSC - NASA Shared Services Center,"COLLEGE PARK, MD (District 04)",04/02/2025,12/31/2026,"Grant, Grant For Research","Educational - 1862 Land Grant College, Educational Institution, State Controlled Institution of Higher Learning, State Government, US Government Entity","$264,099",$0,[None Indicated],,,,23-xrp23_2-0090 statistical comparative planetology for low-mass era of jwst
2025,CA,CA-28,California Institute Of Technology,80NSSC24K0161,Modification P00003,NSSC - NASA Shared Services Center,"PASADENA, CA (District 28)",07/25/2025,12/31/2026,"Grant, Grant For Research","Educational - Corporate Entity Tax Exempt, Educational Institution, Nonprofit Organization, Private University Or College","$184,754",$0,[None Indicated],,,,"The KPF obliquity survey will significantly advance our understanding of the origin of misaligned planetary orbits and implications for planet formation and evolution. planetary migration and dynamical interaction in our own SOLAR system, AS described BY the nice and grand tack model, have FAR-reaching implications for the orbital architectures we see today. similarly, the dynamical evolution of an exoplanetary system, AS recorded BY stellar obliquities, tells us about the orbital architecture AS well AS the orbital stability of potentially habitable planets in the system. this directly addresses the objective of the exoplanets research program of understanding planet formation and habitability. moreover, our program will provide high SNR and optical transmission spectra of selected jwst targets for a panoramic view of the most observationally amenable exoplanets from the optical to the mid-infrared."
2025,AZ,AZ-07,University Of Arizona,80NSSC24K0198,Modification P00002,NSSC - NASA Shared Services Center,"TUCSON, AZ (District 07)",05/29/2025,09/28/2026,"Grant, Grant For Research","Educational - 1862 Land Grant College, Educational Institution, Hispanic Servicing Institution, State Controlled Institution of Higher Learning, State Government, US Government Entity","$789,707",$0,[None Indicated],,,,"This project will directly help maximize the success of pandora, which is PART of NASA s astrophysics pioneers smallsat program. the pandora smallsat will provide a legacy data set of photometry and spectroscopy of dozens of exoplanets and their host stars that will support target selection for future jwst and ARIEL observations."
2025,IN,IN-07,Butler University,80NSSC24K0345,Modification P00001,NSSC - NASA Shared Services Center,"INDIANAPOLIS, IN (District 07)",11/21/2024,11/13/2025,"Grant, Grant For Research","Educational - Corporate Entity Tax Exempt, Educational Institution, Nonprofit Organization, Private University Or College",$0,$0,[None Indicated],,,,"22-swift22-0034, black hole jet launching physics: triggering jwst with swift (butler university)"
2025,WI,WI-02,University Of Wisconsin System,80NSSC24K0618,Modification P00002,NSSC - NASA Shared Services Center,"MADISON, WI (District 02)",04/24/2025,05/18/2027,"Grant, Grant For Research","Educational - 1862 Land Grant College, Educational Institution, State Controlled Institution of Higher Learning, State Government, US Government Entity","$148,555",$0,[None Indicated],,,,"23-adap23-0026, from galex to jwst: exploring lyman alpha emitters from z0-7"
2025,CA,CA-36,"University Of California, Los Angeles",80NSSC24K0773,Modification P00001,NSSC - NASA Shared Services Center,"LOS ANGELES, CA (District 36)",12/04/2024,07/31/2027,"Grant, Grant For Research","Educational - 1862 Land Grant College, Educational Institution, State Controlled Institution of Higher Learning, State Government, US Government Entity","$200,925",$0,[None Indicated],,,,23-atp23-0149 star formation in the early universe via the stream velocity in the era of jwst
2025,MO,MO-01,"Washington University, The",80NSSC24K1481,Modification P00001,NSSC - NASA Shared Services Center,"SAINT LOUIS, MO (District 01)",06/30/2025,08/31/2027,"Grant, Grant For Research","Educational - Corporate Entity Tax Exempt, Educational Institution, Other Not For Profit Organization, Private University Or College","$50,000",$0,[None Indicated],,,,23-astro23-0292 maximizing jwst and roman dark matter science with strong gravitational lensing
2025,UT,UT-01,University Of Utah,80NSSC24K1482,Modification P00001,NSSC - NASA Shared Services Center,"SALT LAKE CITY, UT (District 01)",06/30/2025,08/31/2026,"Grant, Grant For Research","Educational - Educational Institution, State Controlled Institution of Higher Learning, State Government, US Government Entity","$49,908",$0,[None Indicated],,,,Time domain x-ray studies of agn in the jwst-NEP field
2025,KS,KS-01,University Of Kansas Center For Research Inc,80NSSC25K7151,Modification P00001,NSSC - NASA Shared Services Center,"LAWRENCE, KS (District 01)",08/08/2025,12/31/2027,"Grant, Grant For Research","Non-Profit Institutions - Corporate Entity Tax Exempt, Nonprofit Organization","$148,221",$0,[None Indicated],,,,"This xrp will use radial velocities from approved and archival programs at NASA/keck's KPF and nn-explore's wiyn/neid to measure masses of over 40 sub-neptunes, AS well AS re-analyzing archival TESS, k2, and kepler to measure precise planet sizes (via transits) and, where possible, stellar properties (via asteroseismology). our research program will empirically test the water world hypothesis, and maximizes the scientific return of TESS, k2, and kepler and ensures that high-priority targets for jwst and ARIEL are identified and accurately characterized. in addition, our program will keep targets flowing in support of jwst (and future ARIEL) atmospheric spectroscopy, and along the way it will also quantify stellar activity in planet-hosting systems across a range of stellar types that closely tracks the HWO target distribution, measure system architectures, and constrain interior compositions of planets straddling the super-earth/sub-neptune boundary."
2025,LA,LA-06,Louisiana State University,80NSSC25K7866,Modification 0 (Base Record),NSSC - NASA Shared Services Center,"BATON ROUGE, LA (District 06)",07/09/2025,03/31/2027,"Grant, Grant For Research","Educational - 1862 Land Grant College, 1890 Land Grant College, Educational Institution, School Of Forestry, State Controlled Institution of Higher Learning, State Government, US Government Entity, Veterinary College","$1,079,698","$1,619,547",[None Indicated],,,,"The interplanetary network (ipn) is a consortium of space-based high-energy monitors who together detect, localize, and characterize short-duration high-energy transients. the ipn was key to discovering magnetars, enabled the use of the james webb space telescope for direct proof of heavy element nucleosynthesis, and has provided continuous, all-sky monitoring of the high-energy sky for decades. however, the operations of the ipn are outdated. we propose to modernize and automate the ipn operations, to broaden its scope, and to create key infrastructure for the global time-domain and multimessage astrophysics ecosystem. these efforts will be focused on Gamma-Ray Bursts, being the most luminous events in the universe since the big bang."
