Year,State,District,Contractor,Contract/Mod Number,NASA Center,Place of Performance,Award Date,Completion Date,Award Type,Contractor Type - Indicators,Obligations,Change in Award Value,NAICS Code,TAS Code,Solicitation ID,Solicitation POC,Description
2023,MD,MD-07,"Johns Hopkins University, The",80NSSC17K0576 Modification P00007,NSSC - NASA Shared Services Center,"BALTIMORE, MD (District 07)",10/28/2022,08/31/2018,"Grant, Grant For Research","Educational - Corporate Entity Tax Exempt, Educational Institution, Nonprofit Organization, Private University Or College","$-5,958","$-5,958",[None Indicated],,,,"AS PART of the NASA international SOLAR-terrestrial physics (istp) program, the geotail Spacecraft was launched in 1992 into an earth orbit with apogees extending deep into earth s magnetic tail region, and later in a 9re x 30re final orbit. the Johns Hopkins University Applied Physics Laboratory (JHU/APL) was chosen BY NASA to develop and operate the energetic particle and ion composition (EPIC) instrument (in conjunction with co-investigators at the universities of maryland and kansas) for this mission. both the Spacecraft and EPIC instrument have been fully operational and returning earth magnetic tail region data since launch in 1992. the EPIC data on geotail have made and will continue to make major contributions to the understanding of the Fundamental Research topics such AS geomagnetic storms, substorms, magnetic reconnection, and particle acceleration. the continuation in processing EPIC data will complement existing space missions such AS cluster, THEMIS, recent space mission van allen probes, and MMS mission to gain further understanding of the plasma dynamics occurring in the outer and inner magnetosphere. the geotail/EPIC data for the next few years will offer another invaluable monitoring point in space that CAN, in some cases, change an ambiguous result when geotail/EPIC observations are not taken into account to a conclusive one when they are. in particular, EPIC s capability of identifying the ion species and charge state is unique, complementing missions that lack this ability (e.g., THEMIS). in view of its vital role in complementing existing and future NASA missions, we propose the continuation of EPIC data processing for the use of the space community at large. the data processing software has been well developed for its continual usage. the requested funding will also allow continuous monitoring of instrument operations and providing materials to support senior review preparations."
2023,CA,CA-12,"Regents Of The University Of California, The",80NSSC17K0609 Modification P00005,NSSC - NASA Shared Services Center,"BERKELEY, CA (District 12)",03/21/2023,09/14/2022,"Grant, Grant For Research","Educational - 1862 Land Grant College, Educational Institution, Other Not For Profit Organization",$-10,$-10,[None Indicated],,,,"This is a proposal to study the nature and role of intense whistler WAVES that occur within earth's quasiperpendicular bow shock using measurements from the Magnetospheric Multiscale (MMS) mission. in particular the following interrelated questions will be addressed: 1.) what are the properties of the intense oblique whistlers WAVES?, 2.) what are their source mechanisms?, and 3.) what is their role in shock structure and plasma transport? despite much attention, the mechanisms responsible for the generation of whistler WAVES and thus their role in shock structure and plasma transport are not fully understood and under current debate. moreover, recent observations suggest that oblique whistler WAVES localized in the FOOT/ramp of supercritical shocks may be playing a more important role than previously thought. namely, they CAN be quite intense (db/bo1) and highly non-linear, CAN carry sizable parallel electric fields, which CAN accelerate the plasma, and appear to be important sites for the generation of secondary whistler emission and large amplitude electrostatic WAVES.  the science goals will be achieved via comprehensive CASE and statistical studies based on the high-time-resolution plasma and field data from the MMS mission. the data set from MMS is unique in that it provides for the FIRST time multipoint measurements of the plasma and fields with the requisite time resolution to evaluate the different source mechanisms and how these WAVES interact with the plasma. the electric and magnetic waveform measurements will be used to determine the propagation speeds, wave vector directions, and wavelengths of the WAVES using different methods such AS faraday's law, variance analysis, and/or timing analysis. other properties such AS, electric and magnetic field intensities, parallel electric fields, poynting flux, and association with secondary whistler emission and large amplitude electrostatic WAVES will also be analyzed. the wave properties will be compared with observed features in the high-time-resolution electron and ion distribution functions and moments to assess source mechanisms and how the WAVES interact with the plasma. these observational results will be compared with theoretical predictions for the generation of these WAVES, which include microinstabilities driven BY the relative drift between electrons and ions (either incident or reflected), and generation via nonlinearities in a steepening shock front. to study how the properties change under different beta and mach conditions, a statistical database of events will be developed and analyzed. the macrostate (e.g., normals, speeds, asymptotic parameters) of the shocks that make up the database will be determined using well-established techniques, such AS timing analysis and the vinas-scudder rankine- hugoniot based least-square approach."
2023,AK,AK-00,University Of Alaska Fairbanks,80NSSC18K0797 Modification P00006,NSSC - NASA Shared Services Center,"FAIRBANKS, AK (District 00)",06/06/2023,04/30/2024,"Grant, Grant For Research","Educational - 1862 Land Grant College, Educational Institution, State Government, US Government Entity",$0,$0,[None Indicated],,,,"1. goals and/or objectives at the root of this proposal is the question of how momentum and energy are transported at kinetic scales (~&lt; ion gyro radius) between magnetically coupled space plasmas. some of the most compelling physics occurs at ion kinetic scales (e.g., magnetospheric boundaries) and even at electron inertial scales (e.g., broadband aurora, reconnection). in many instances, large-scale perturbations CAN undergo a turbulent cascade to kinetic scales, dissipating energy, and producing non-adiabatically heated plasma (e.g., radial transport in planetary magnetospheres). thus, in-depth knowledge of such processes has broad applicability in space plasma physics. this proposal seeks to generate kinetic-scale plasma WAVES (e.g., low frequency kinetic/inertial alfven, right-hand whistler, left-hand ion cyclotron, and higher frequency lower hybrid WAVES ETC.) using an active plasma injection in the earth's ionosphere (thermite barium release) AS a known source of energy and momentum. specifically, this proposed experiment will address the following compelling science questions: - how is momentum transfer affected BY kinetic-scale physics (e.g., formation of parallel electric fields and dissipation)? - how is electromagnetic energy converted into plasma kinetic and thermal energy? - what is the interplay (i.e., cross-scale coupling) between fluid- and kinetic-scale processes? 2. methodology to address our science questions, we propose to make plasma measurements adjacent to and within the alfven wing of an injected thermite barium release. we will launch a single rocket from wallops island, virginia, with two barium thermite canisters to be detonated 90 s apart at an altitude of about 350 km. a plasma diagnostic array will include 4 free-flying instruments (thermal plasma properties) and will be positioned above the release, but NEAR the edge the magnetic flux tube subtended BY the release cloud. the inter-instrument separation will be comparable to the perpendicular gradient scale lengths of the cloud, which is comparable to the oxygen ion inertial length at ionospheric altitudes (~ few km). the main payload will provide DC fields, particle (pitch angle resolved thermal and energetic electrons) and wave data inside, at the boundaries, and outside of the alfven wings due to the relative motion of payload and cloud. ground-based optical observations to record the motion of the releases will be made at downrange stations. the combined data set will provide basic information on the magnitude and scale of the alfvenic perturbations and quantify the coupling. the data, in combination with state-of-the-art numerical simulations, will allow us to distinguish between different physical processes. 3. relevance this proposal addresses central elements of NASA's 2014 science plan. specifically, we will explore the physical processes in the space environment from the sun to the earth and throughout the SOLAR system and advance our understanding of the connections that link the sun, the earth, planetary space environments, and the outer reaches of our SOLAR system BY studying kinetic-scale energy and momentum transport. auroral acceleration and turbulent heating models invoke kinetic/inertial alfven WAVES, making the proposed experiment ideally suited for addressing fundamental space plasma coupling processes. the proposed experiment has significant heritage with NASA-sponsored suborbital missions and orbital missions (e.g., crres). the problem definition has been elucidated BY previous and current NASA missions (e.g., THEMIS, MMS, fast, cassini, galileo and juno). the past 20 years have seen significant advances in both in situ instrumentation and ground based optics capability. combined with advanced numerical simulation methods, the proposed experiment, with its strong heritage, is ideally suited to attacking fundamental processes in space plasmas."
2024,CA,CA-12,"Regents Of The University Of California, The",80NSSC18K1002 Modification P00008,NSSC - NASA Shared Services Center,"BERKELEY, CA (District 12)",06/26/2024,06/04/2025,"Grant, Grant For Research","Educational - 1862 Land Grant College, Educational Institution, Other Not For Profit Organization",$0,$0,[None Indicated],,,,Review of the heliophysics operating missions - the Magnetospheric Multiscale mission (MMS)
2023,TX,TX-20,Southwest Research Institute,80NSSC18K1366 Modification P00004,NSSC - NASA Shared Services Center,"SAN ANTONIO, TX (District 20)",04/10/2023,09/10/2022,"Grant, Grant For Research","Non-Profit Institutions - Corporate Entity Tax Exempt, Nonprofit Organization","$-2,321","$-2,321",[None Indicated],,,,"Science goals & objectives our focused science objective is to determine the relative importance of external SOLAR wind conditions and wave-particle interactions in heating the plasma and accelerating particles at high mach number, quasi-perpendicular portions of the earth's bow shock. to achieve this objective we will answer the following three science questions: 1) how DO external factors (e.g., SOLAR wind conditions, plasma beta, density & temperature) determine the bow shock's macro-scale structure and affect the associated ion and electron velocity distribution functions 2) how are properties of ambient turbulence, plasma instabilities, and locally-generated WAVES related to the evolution of electron and ion distributions upstream and downstream of the shock 3) what portions of the ion and electron populations in velocity space participate in getting heated and accelerated at the bow shock? scientific importance / significance collisionless shocks are a major producer of suprathermal and energetic particles in space and astrophysical plasma environments. theoretical studies combined with in-situ observations during the space age have significantly advanced our understanding of the physical processes associated with such shocks. however, it is still poorly understood exactly how collisionless shocks are formed, the manner in which they evolve and dissipate their energy, and the physical mechanisms BY which they heat and accelerate the local plasma. methodology: data analysis we answer the above science questions through a systematic analysis of high time resolution burst data from NASA's Magnetospheric Multiscale (MMS) mission during multiple bow shock crossings. we characterize the evolution of parallel and perpendicular temperatures, and the velocity distribution functions of ions and electrons in the upstream and downstream regions. we use the highest-time-resolution electric and magnetic field data to derive the power spectral densities and polarization characteristics to identify the nature and properties of turbulence, instabilities, WAVES (ambient and self-excited) associated with quasi-perpendicular bow shock crossings. we use a novel field-particle correlation analyses technique to perform cross-sensor analyses and identify key parameters that are associated with the ion and electron populations in velocity space that participate in dissipation and energization at each shock crossing. finally, we use a state-of-the-art global, electromagnetic, hybrid (kinetic ions and fluid electrons) simulations to model the shock structure and study wave-particle behavior in ~2-3 CASE studies. mission data launched in march 2015, MMS has four Spacecraft separated between ~10-40 km and equipped with identical state-of-the-art instruments that acquire magnetic and electric field, plasma wave, and particle data at unprecedented temporal resolution to study the fundamental physics of magnetic reconnection in the earth's magnetosphere. serendipitously, during phase 1a from october 2015 through december 31, 2015, MMS also encountered and crossed the earth's bow shock more than ~400 times, and more importantly, acquired highest time resolution burst data during &gt;230 such crossings. relevance to MMS and decadal survey the proposed research is highly relevant to the MMS-gi program AS it uses the highest cadence or time resolution MMS burst data during numerous bow shock crossings to address a fundamental science question that is critical for NASA's heliophysics division - how DO collisonless shocks heat the local plasma and accelerate the particles our proposed research also addresses two of the 2012 SOLAR and space physics decadal survey goals, namely ds2: determine the dynamics and coupling of earth's magnetosphere, ionosphere, and atmosphere and their response to SOLAR and terrestrial inputs. ds4: discover and characterize fundamental processes that occur both within the heliosphere and throughout the universe."
2024,CA,CA-12,"Regents Of The University Of California, The",80NSSC18K1373 Modification P00005,NSSC - NASA Shared Services Center,"BERKELEY, CA (District 12)",09/23/2024,09/30/2023,"Grant, Grant For Research","Educational - 1862 Land Grant College, Educational Institution, Other Not For Profit Organization","$-2,262","$-2,262",[None Indicated],,,,"In late 2015, the Magnetospheric Multiscale (MMS) mission, resolved the shock transition layer down to the electron-scale for the FIRST time, using its unprecedentedly high-time resolutions of particle measurements (both ions and electrons), combined with all three components of magnetic and electric fields. since then, MMS has crossed the bow shock numerous times and accumulated a large volume of dataset. thus, in this proposed project, we take advantage of MMS measurements and AIM to advance our understanding of electron acceleration at collisionless shocks BY focusing on the following specific questions: (1) where in the shock transition layer are electrons energized and what are their characteristics? (2) how DO the upstream conditions control the locations and the characteristics of electron acceleration? to address these questions, we will utilize data obtained BY the Magnetospheric Multiscale (MMS) mission. we will only use MMS data in a public archive 30 days before the step-2 deadline, i.e., 2018 january 11. the data set used in this study will include both quasiperpendicular and quasi-parallel shock crossings, with a broad range of upstream parameters including, but not limited to, alfven mach number, shock angle and plasma beta. to study behaviors of electrons, we will use 2d and 3d visualizations of the velocity distributions, pitch angle distributions and energy spectra. to identify and study associated plasma features, we will examine various data including, but not limited to, magnetic and electric fields, currents, and frequency spectra."
2024,TX,TX-19,Texas Tech University System,80NSSC18K1652 Modification P00006,NSSC - NASA Shared Services Center,"LUBBOCK, TX (District 19)",05/28/2024,08/27/2023,"Grant, Grant For Research","Educational - Educational Institution, State Controlled Institution of Higher Learning, State Government, US Government Entity","$-3,239","$-3,239",[None Indicated],,,,"Daily average atmospheric pressure on mars varies from less than 700 pa to 1000 pa seasonally according to the data obtained BY the viking landers and the rover environmental monitoring station (rems) of the curiosity rover. mars' atmospheric pressure also varies diurnally with a range of ~100 pa. regolith on mars breathes in sync with the changes in atmospheric pressure, and the phenomenon is called barometric pumping. previous laboratory measurements have shown that thermal conductivity of planetary regolith simulants is very sensitive to the pore gas pressure in the range observed on mars. the thermal conductivity may increase BY 2 to 3 times from 600 pa to 1000 pa. other lab experiments have shown that thermal conductivity of the simulants varies also with temperature. in the range of diurnal and seasonal temperature swings expected at the insight landing site, thermal conductivity of the surface regolith may fluctuate BY more than 10% due to the effect of temperature alone. the insight mission plans to determine the endogenic heat flow of the landing site AS a product of two separate measurements of thermal gradient in, and thermal conductivity of, the regolith penetrated BY the heat flow and physical properties probe (hp3). the probe will measure thermal conductivity with 50-CM depth intervals AS it penetrates into the regolith. only one measurement will be made at each depth. the sensitivity of the regolith's thermal conductivity to pore gas pressure and temperature implies that hp3 may be able to capture only a snapshot of the regolith's thermal conductivity at each depth AS it fluctuates seasonally BY possibly more than 100%. the objective of the research proposed here is to determine the effective thermal conductivity of the regolith that is relevant to the longterm (decades or longer) surface heat exchange at the landing site. to achieve the objective, we propose to carry out the following three lines of work in collaboration with the insight team: (1) repeat in-situ thermal conductivity measurements at the bottom of the hole using hp3 in a wide range of mars' atmospheric pressures (monitored BY the auxiliary payload sensor suite). (2) conduct thermal conductivity measurements on two types of mars regolith simulants (MMS and eifelsand) in a vacuum chamber in the range of co2 gas pressures and temperatures observed at the landing site. if the insight team determines that the regolith at the landing site is not adequately represented BY these simulants, a new simulant may be developed and tested. (3) BY synthesizing the data from (1) and (2), develop a mathematical model for the pressure and temperature effects on the regolith's thermal conductivity. that will be incorporated into a thermal model for the heat exchange at mars' surface and shallow subsurface, which yields the effective, long-term thermal conductivity of the regolith of the landing site."
2023,MD,MD-07,"Johns Hopkins University, The",80NSSC19K0270 Modification P00004,NSSC - NASA Shared Services Center,"BALTIMORE, MD (District 07)",01/29/2023,02/15/2024,"Grant, Grant For Research","Educational - Corporate Entity Tax Exempt, Educational Institution, Nonprofit Organization, Private University Or College",$0,$0,[None Indicated],,,,"Electromagnetic ion cyclotron (emic) WAVES are known to be an important instability in the magnetosphere, regulating the ring current temperature anisotropy, precipitating ring current ions to the ionosphere, and causing prompt loss of the outer electron radiation belts through resonant wave-particle interactions. the WAVES also heat cold ionospheric he+ and o+ contributing to transport of ionospheric plasma to the outer magnetosphere. while emic WAVES have been widely documented, prior theoretical research has focused primarily on predicting their generation and conditions needed for growth. the underlying fundamental physics of wave propagation, however, has yet to be fully understood. the wave properties, propagation characteristics, and interactions with ring current plasma, energetic electrons, and cold ions are governed BY wave dispersion that relates the wave frequency, w, and wave vector, k, to the ambient magnetic field and plasma. to date we still have not ed the basic wave properties and propagation characteristics of emic WAVES because k is profoundly difficult to determine observationally. new observations from MMS, made with high accuracy in magnetic fields and unprecedented close spacing of the four MMS observatories finally allow accurate determination of k via the curl operator. more extensive tests of wave dispersion and propagation are also possible using the divergence and curl of fully three-dimensional electric field measurements. emic WAVES are prevalent in MMS observations and span a wide range of magnetic latitudes, including the latitudes where the critical bi-ion resonances occur. the combination of this fundamentally new observational capability and the orbital coverage allows the FIRST ever definitive determination of the emic wave properties and their evolution with latitude AS they propagate to regions of higher magnetic field strength. this research is directly relevant to the heliophysics decadal survey goal (2),  determine the dynamics and coupling of the earth s magnetosphere, ionosphere, and atmosphere and their response to SOLAR and terrestrial inputs. , and goal (4),  discover and characterize fundamental processes that occur both within the heliosphere and throughout the universe . we propose to determine the fundamental properties of emic wave propagation in the magnetosphere and compare these results against dispersion and propagation theory to understand the basic physics of these WAVES. specifically, we will address the fundamental question of how the emic wave vector evolves AS the wave propagates BY investigating (a) how the emic wave vectors and wave properties vary BY l shell and latitude (b) where in the dispersion relation the WAVES fall at different points during propagation and AS plasma conditions change and (c) how changes in the wave vector during propagation affect the wave characteristics and resonance conditions. we will use the MMS observations together with theory and modeling of the dispersion relation and propagation to understand the fundamental physics of emic WAVES. in addition, observations of emic WAVES with MMS during close conjunctions with the van allen probes and THEMIS will be used to  their propagation evolution at multiple locations on the SAME field lines. the results will yield a deeper understanding of how the WAVES resonate with plasma populations leading to the loss of ring current and radiation belt particles, thereby advancing our predictive understanding of these key wave-particle interactions."
2025,TX,TX-32,University Of Texas At Dallas,80NSSC19K0283 Modification P00005,NSSC - NASA Shared Services Center,"RICHARDSON, TX (District 32)",03/20/2025,03/31/2024,"Grant, Grant For Research","Educational - Educational Institution, State Controlled Institution of Higher Learning, State Government, US Government Entity","$-4,760","$-4,760",[None Indicated],,,,"The Magnetospheric Multiscale (MMS) data (magnetic field from FGM, electric field from EDP and particle from EIS) will be used to analyze the emic WAVES and proton beta. the vap data (magnetic field from FGM, electric field from efw and proton data from hope) will be used to analyze the emic WAVES and proton beta. the THEMIS data (magnetic field from FGM and proton from ESA) will be used to analyze the emic WAVES and proton beta. the cluster data (magnetic field from FGM, electric field from efw and proton from codif) will be used to analyze the emic WAVES and proton beta. the omni dataset will be used to characterize the Interplanetary Magnetic Field, SOLAR wind activity and geomagnetic activity relating to the WAVES."
2024,DE,DE-00,University Of Delaware,80NSSC19K0565 Modification P00006,NSSC - NASA Shared Services Center,"NEWARK, DE (District 00)",11/14/2023,09/30/2024,"Grant, Grant For Research","Educational - 1862 Land Grant College, Corporate Entity Tax Exempt, Educational Institution, Nonprofit Organization, Private University Or College","$30,000","$30,000",[None Indicated],,,,Theoretical and analysis support for the extended MMS mission at the university of delaware: turbulence reconnection and particle acceleration
2025,AL,AL-05,"University Of Alabama In Huntsville, The",80NSSC19K1106 Modification P00005,NSSC - NASA Shared Services Center,"HUNTSVILLE, AL (District 05)",03/31/2025,10/01/2026,"Grant, Grant For Research","Educational - Educational Institution, Nonprofit Organization, State Controlled Institution of Higher Learning",$0,$0,[None Indicated],,,,"The goal of this proposal will be achieved through a large collaboration among several groups 1) PI and a postdoc 2) zank s group including two graduates 3) benz and the so (stix) group 4) dahlin and antiochos s group, and 5) boardsen and MMS group. we will use two state-of-art pic codes p3d and vpic and a numerical code of kinetic transport equation. the proposed research is directly related to the FIRST and fourth science goals of the heliophysics decadal survey: 1) sun's activity and predict the variations in space 4) fundamental processes within the heliosphere and throughout the universe."
2024,CA,CA-16,Bay Area Environmental Research Institute,80NSSC19K1473 Modification P00008,NSSC - NASA Shared Services Center,"MOUNTAIN VIEW, CA (District 16)",09/19/2024,07/31/2025,"Grant, Grant For Research","Non-Profit Institutions - Corporate Entity Tax Exempt, Nonprofit Organization","$91,423",$0,[None Indicated],,,,"The Dynamics and Chemistry of the Summer Stratosphere (DCOTSS) is a five-year project aiming to advance understanding of changes in the earth s radiation balance, air quality and the ozone layer that result from changes in atmospheric composition and will improve the capability to predict weather and extreme weather events. DCOTSS was competitively selected for funding in response to ROSES 2017 solicitation nnh17zda001n under NASA s Earth Venture Suborbital-3 program. the north american monsoon anticyclone (nama) dominates the circulation of the north-western hemisphere and acts to partially confine and isolate air from the surrounding atmosphere. strong convective storms in the nama regularly penetrate deep into the lower stratosphere LS. the uniqueness of the nama region is most easily seen in satellite measurements of water vapor, which show a large enhancement in the LS over north america not seen either in magnitude or at such high latitudes elsewhere around the GLOBE. but the coupling of tropopause-penetrating convection with large-scale monsoonal motion is poorly understood, AS is the impact of convection on the chemical composition of the LS, both in monsoon regions and in the global stratosphere, which receives inputs of moist and polluted monsoon air from the nama. the DCOTSS directly addresses this knowledge gap within three main focus areas. DCOTSS will deploy the NASA er-2 to salina, ks and employ a suite of 12 in-situ instruments measuring gases (awas, caf , hupcrs, hoz, hwv, ucats, wi- icos), aerosols (palms, pops), reactive species (hal, canoe) and meteorological parameters (MMS.) the NASA er-2 is the ideal aircraft for DCOTSS. it offers ample payload, both in terms of volume and weight AS well AS the capability of reaching altitudes of ~21 km. DCOTSS consists of a 5-week test flight series out of palmdale, ca and three, 8-week science deployments out of salina, ks during spring, middle summer, and late summer. this proposal sets out the work and budget for the baer institute personnel in supporting the DCOTSS mission. personnel from baer institute will play INTEGRAL roles in the field deployment management (fdm) team from NASA Ames Research Center s earth science project office (espo). the fdm team will work with the lead Principal Investigator from texas a&m to manage the investigation, implement the field deployments and coordinate relevant aspects of programmatic reporting at investigation status reviews."
2024,NH,NH-01,University System Of New Hampshire,80NSSC20K0701 Modification P00004,NSSC - NASA Shared Services Center,"DURHAM, NH (District 01)",03/20/2024,03/31/2025,"Grant, Grant For Research","Educational - 1862 Land Grant College, Corporate Entity Tax Exempt, Educational Institution, Nonprofit Organization",$0,$0,[None Indicated],,,,"Comparing signatures of ion heating from reconnection observed with MMS, THEMIS, and twins"
2023,IL,IL-13,University Of Illinois,80NSSC20K1231 Modification P00002,NSSC - NASA Shared Services Center,"URBANA, IL (District 13)",04/02/2023,06/15/2023,"Grant, Grant For Research","Educational - 1862 Land Grant College, Educational Institution, State Controlled Institution of Higher Learning, State Government, US Government Entity","$57,037",$0,[None Indicated],,,,"This project will quantify the relative contribution of n+ ions to the total heavy ion population of the NEAR-earth environment. there has been much interest in the transport and energization of o+ through the ionosphere-magnetosphere system since it was FIRST reported. however, relatively little has been done with n+ even though past observations have established that n+ is a significant ion species in the ionosphere, the second most dominant in the f2 region, and its presence in the magnetosphere is significant. the transport and energization of n+, in addition to that of o+, have not been considered BY most studies, simply because the observational record of its existence and significance has been overlooked. most past missions lacked the possibility to reliably distinguish the n+ from o+ owing to their very close masses and therefore, we lack knowledge of the relative contribution of n+ to the NEAR-earth plasma population. this project will use simulations with the space weather modeling framework together with observations from the MMS, van allen probes and THEMIS NASA missions. we will conduct simulations with swmf in various model configurations and compare model output with the observations in order to assess the NEAR-earth nonlinear feedback processes on the spatial and temporal structure of inner magnetospheric ion composition. direct data-model comparisons will grant an in-depth understanding of the physical processes that control the transport and losses of these heavy ions throughout the ionosphere-magnetosphere system, allowing to quantify their distribution and the location their energization takes place."
2023,MA,MA-07,Trustees Of Boston University,80NSSC20K1270 Modification P00004,NSSC - NASA Shared Services Center,"BOSTON, MA (District 07)",06/29/2023,07/01/2024,"Grant, Grant For Research","Educational - Corporate Entity Tax Exempt, Educational Institution, Nonprofit Organization, Private University Or College",$0,$0,[None Indicated],,,,"The project methodology is based on (1) a theory of wave-particle interactions (both resonant and non-resonant) between energetic electrons and emic WAVES, (2) an incorporation of a wide range of wave-particle interaction processes into models of the radiation belt electron dynamics, and (3) a quantitative comparison between the observed (BY low-earth-orbiting satellites) and estimated electron precipitation based on theory and modeling. the theoretical approaches exploit modern treatments of adiabatic invariant breaking in plasma systems with resonances. numerical simulations include both test particle models and kinetic equations describing the long-term evolution of the electron distributions. both theory and simulations will be driven BY Spacecraft observations of wave characteristics in the radiation belts: van allen probes, THEMIS, and MMS for the NEAR-equatorial observations and poes, firebird, and elfin for the observations of precipitating particles at low altitudes. this proposal contributes to two scientific objectives of the heliophysics decadal survey, namely goal 2:  determining the dynamics and coupling of earth s magnetosphere, ionosphere, and atmosphere , and goal 4:  discovering and characterizing fundamental processes that occur both within the heliosphere and throughout the universe  BY providing a comprehensive understanding of wave particle interactions beyond the quasi-linear theory due to emic WAVES and its contribution to energetic electron scattering and precipitation loss."
2023,AK,AK-00,University Of Alaska Fairbanks,80NSSC20K1279 Modification P00002,NSSC - NASA Shared Services Center,"FAIRBANKS, AK (District 00)",04/13/2023,07/01/2023,"Grant, Grant For Research","Educational - 1862 Land Grant College, Educational Institution, State Government, US Government Entity","$477,395",$0,[None Indicated],,,,"Science goals and objectives: giant planet magnetospheres, due to their size, multi-body nature, and rotational dynamics are some of the most complicated and least understood magnetospheres in the SOLAR system. yet their internally driven nature make them an ideal laboratory to study fundamental plasma processes. however, while these giant magnetospheres occupy impressive spatial volumes, the most consequential and DYNAMIC coupling processes occur at very small scales (e.g., wave-particle interactions and reconnection at kinetic scales). we propose a multi-scale investigation of the magnetospheric dynamics at jupiter and saturn (using in PART, tools proven in and adapted from the terrestrial magnetosphere) to facilitate transformative advances in understanding the complicated, nonlinear and interconnected processes that DRIVE the global systems. these advances, in conjunction with comparative studies at earth, are critical to understanding the basic processes inherent in space plasmas within the SOLAR system and beyond. specifically, we will address the following compelling science questions related to the structure and dynamics of jupiter s and saturn s magnetospheres. 1. how is plasma transported radially outward. how is plasma heated? 2. what is the role of alfven WAVES in particle energization and transport and their related implications for magnetosphere ionosphere coupling via parallel electric fields? 3. what is the relative importance of ionospheric conductance, parallel electric fields, and alfven travel time in magnetosphere ionosphere coupling? 4. how DO magnetopause boundary processes influence global magnetospheric dynamics and how does the magnetosphere influence sheath flows AS a function of local time? 5. how does the coupled system vary with changes in SOLAR wind conditions? methodology we are combining a comprehensive suite of methods (i.e., global fluid simulations, local fluid and hybrid simulations, theory, Machine Learning and data analysis) and expertise through a diverse science team to attack the compelling research challenge of transport processes at the rapidly rotating giant planet magnetospheres. our multi-scale approach involves the largest ensemble of diverse tools that have yet been applied to this effort. some of these tools have been used and validated in extensive application to the terrestrial magnetosphere, but also more recently advanced and validated in application to the giant magnetospheres. we will also employ  Machine Learning  algorithms to aid in the analysis and interpretation of the large and multi-instrument data sets that we will consider. this approach will therefore address fundamental mysteries at jupiter and saturn that CAN both be inferred from and applied, comparatively, to earth. such comparative studies satisfy the required rigor to fully understand basic plasma processes in heliophysics and, ultimately, will directly impact efforts to study space weather. relevance to the decadal survey goals. the proposed study is highly relevant to current NASA missions (e.g., cluster, THEMIS, MMS, juno, and cassini) and addresses central elements from the heliophysics decadal survey: 3. determine the interaction of the sun with the SOLAR system and the interstellar medium 4. discover and characterize fundamental processes that occur both within the heliosphere and throughout the universe. ultimately, comparative studies are directly relevant to understanding similar processes at earth, addressing science goal 2) determine the dynamics and coupling of earth s magnetosphere, ionosphere, and atmosphere and their response to SOLAR and terrestrial inputs. science closure will lead to transformative advances in understanding multi-scale transport processes in planetary magnetospheres."
2024,MD,MD-04,"University Of Maryland, College Park",80NSSC20K1312 Modification P00004,NSSC - NASA Shared Services Center,"COLLEGE PARK, MD (District 04)",09/12/2024,07/12/2025,"Grant, Grant For Research","Educational - 1862 Land Grant College, Educational Institution, State Controlled Institution of Higher Learning, State Government, US Government Entity","$156,611",$0,[None Indicated],,,,"Science goals and objectives recent space observations in the earth s bow shock revealed an abundance of current sheets, and some of them show signatures of magnetic reconnection   an energy release BY changing the topology of magnetic field lines. investigating the occurrence and effects of reconnection at the bow shock will form a critical foundation to quantitative modeling of the sun-earth connection, and yet has not been done. to identify reconnecting current sheets with in situ measurements is challenging, because of our limited understanding of reconnection in collisionless shocks where the plasma is in a turbulent state. it is essential to establish a way to effectively distinguish non-reconnecting and reconnecting current sheets based on characteristics of reconnection in shocks. to assess the occurrence and effects of reconnection in shocks, it is critical to understand how instabilities CAN DRIVE multiple current sheets and how WAVES radiated BY instabilities may evolve into nonlinear structures and current sheets from a kinetic point of view. we propose to resolve the unsolved issues of reconnection in collisionless shocks BY means of kinetic simulations and in situ measurements BY the Magnetospheric Multiscale (MMS). the objectives and science questions of the proposed effort are AS follows: 1. to understand reconnection properties/criteria in collisionless shocks: what are the critical reconnection signatures, and what are the shock parameters necessary for reconnection? how DO these signatures differ between reconnecting and non-reconnecting current sheets? 2. to understand the evolution of instabilities in the formation of current sheets: what types of WAVES are excited in the shock and foreshock region and how DO they evolve into nonlinear structures to form current sheets? 3. to understand the role of particle acceleration and heating in reconnection in shocks: how much energization CAN reconnecting current sheets impart to electrons and ions in collisionless shocks? how much of the total particle heating across a shock is due to reconnection? methodology we will perform multi-dimensional particle-in-cell simulations, in which both ions and electrons are treated AS particles. we will investigate quasi-parallel shocks, in which the angle between the shock normal and magnetic field is less than 45 degrees. we will perform simulations using parameters of the earth s bow shock (alfven mach number is of the order of 10, and electron thermal speed is larger than the shock speed). we will analyze current sheets in the shock transition region (foreshock and ramp) and the downstream region. we will investigate field structures of reconnecting/non-reconnecting current sheets. we will examine instabilities, and analyze wave frequencies, wavelengths, nonlinear evolution of field quantities and particle distribution functions. BY performing particle tracing in simulations, we will investigate particle acceleration and heating in reconnection, and quantify the contribution of reconnection to the total energization in shocks. we will compare simulation results with observation data obtained BY MMS in the earth s quasi-parallel bow shock. field and particle features of reconnecting and non-reconnecting current sheets learned from simulations will be applied to and compared with observation data. BY examining variations of fields and particle distribution functions, we will investigate instabilities and WAVES in shocks, and how and how much particles are accelerated and heated in reconnection. relevance to decadal survey goals the proposed work is relevant to heliophysics decadal survey goals of ""determine the dynamics and coupling of earth's magnetosphere, ionosphere, and atmosphere and their response to SOLAR and terrestrial inputs"
2024,CO,CO-02,University Corporation For Atmospheric Research,80NSSC20K1733 Modification P00008,NSSC - NASA Shared Services Center,"BOULDER, CO (District 02)",08/14/2024,03/31/2025,"Grant, Grant For Research","Non-Profit Institutions - Corporate Entity Tax Exempt, Nonprofit Organization",$0,$0,[None Indicated],,,,"In this proposal, we will explore the feasibility of multiple geosynchronous GNSS remote sensing observations using on-orbit data from the GOES-16 and GOES-17 GPS navigation receivers: scintillation detection, RO profiling and surface reflections. additionally, we will perform trade space studies assessing the on-orbit receiver requirements for making useful observations of the earth's atmosphere and surface using GNSS signals from a geosynchronous (GEO) satellite platform for the benefit of future GNSS remote sensing missions. we believe that the most promising new science are the atmospheric measurements possible with the GOES GPS receivers. radio occultation (RO) from geosynchronous orbit holds the potential to provide unique temporal and spatial atmospheric measurements not possible from ground and low earth orbit (LEO) space based receivers, including new observations of the upper atmosphere. this project will explore the potential of GEO GNSS receivers to generate new observations both above existing GNSS-RO LEO satellites AS well AS attempt to generate unique GEO RO profiles through the atmosphere. we will analyze archived and future GOES data sets to develop atmospheric scintillation detection algorithms using several techniques tailored to the known limitations of the GOES data set. notably, both amplitude and phase measurements from GPS signals tracked BY the GOES receivers will be used for observing upper and lower atmospheric scintillations. initial modeling has been performed that indicates that the large distance between the GPS transmitters and the GOES receivers may present an advantage over LEO satellites. additionally, we will develop techniques to generate RO bending angle profiles from GOES observations, and explore methods to invert these profiles to refractivity and subsequent estimations of temperature, pressure and (potentially) water vapor in the traversed atmospheric column. evidence indicates that the GOES receivers regularly track signals through the ionosphere and into the troposphere, thus enabling the retrieval of these long duration occultation events with custom processing algorithms to generate new atmospheric observations. additionally, it has been demonstrated that coherent grazing angle surface reflections are detectable BY LEO RO GPS receivers. the presence of surface reflections in the GOES data will be explored AS PART of this project, particularly over the greenland ice sheet, where a convergence of GOES measurements and historic evidence of reflections in LEO RO data make the possibility of detection most likely. finally, we will perform a trade space study into the enhanced and/or optimal GNSS remote sensing instrument configurations for a) future standard geosynchronous GNSS instruments (or missions above the GNSS constellations, such AS MMS) and b) custom GNSS remote sensing mission designs with dedicated GNSS remote sensing instruments. data from the cosmic-2 RO and the CYGNSS GNSS-reflection missions will be used to ""anchor"" this analysis to reality and provide increased confidence in their predictions of the GNSS performance achievable at higher altitudes for various instrument configurations. in summary, this proposed work will enable new atmospheric measurements using the existing GOES navigation receiver data sets and make a significant step forward in the understanding of the feasibility of performing GNSS remote sensing in geoscynchronous orbits for future missions."
2024,MI,MI-06,Regents Of The University Of Michigan,80NSSC20K1779 Modification P00004,NSSC - NASA Shared Services Center,"ANN ARBOR, MI (District 06)",08/23/2024,09/01/2025,"Grant, Grant For Research","Educational - Educational Institution, State Controlled Institution of Higher Learning, State Government, US Government Entity",$0,$0,[None Indicated],,,,"The objective is to identify in 1-second ground-magnetometer data large db/dt intervals, place them into SOLAR wind and geomagnetic context (storm and substorm correlation) and characterize the spectral properties of the events at previously under-studied highfrequency (on the order of hz) signatures. we will analyze decades of magnetometer data from scores of stations. our recent studies have found: (1) that a significant fraction (40%) of the largest db/dt events are not associated with substorms and (2) many of the largest db/dt within the e3/GIC time domain are preceded and/or accompanied BY large and more rapid fluctuations (e2). from this list, we will identify events that have both LEO (e.g., swarm, fast) and magnetospheric satellite (e.g., van allen probes, MMS, THEMIS) observations. though mapping uncertainties and the need to have broad conjunction criteria will make it difficult to find the  SAME  event on the ground and in space, we will characterize the field signatures (e.g., dipolarizations, compressions) and wave properties of the space-based observations to place the events into global context. we will then model select intervals with both models to understand the current and ionospheric electric field structures responsible for the fast and GIC signatures. we will address all three primary objectives ((1) determine the space context of db/dt, (2) characterize their temporal and spatial scales, and (3) using observations and models estimate the ideal spacing of ground-based observations) of the  magnetospheric and ionospheric processes responsible for rapid geomagnetic changes  fst."
2023,MD,MD-07,"Johns Hopkins University, The",80NSSC20K1796 Modification P00003,NSSC - NASA Shared Services Center,"BALTIMORE, MD (District 07)",09/14/2023,09/30/2024,"Grant, Grant For Research","Educational - Corporate Entity Tax Exempt, Educational Institution, Nonprofit Organization, Private University Or College",$0,$0,[None Indicated],,,,Advancing our knowledge of emic wave resonant interactions with MMS
2025,NH,NH-01,University System Of New Hampshire,80NSSC20K1818 Modification P00005,NSSC - NASA Shared Services Center,"DURHAM, NH (District 01)",03/24/2025,09/07/2025,"Grant, Grant For Research","Educational - 1862 Land Grant College, Corporate Entity Tax Exempt, Educational Institution, Nonprofit Organization","$107,408",$0,[None Indicated],,,,"Objectives magnetic storms CAN cause critical hazardous for our technologies with imposing geomagnetic induced current (GIC) through our infrastructure like power grids, railways, and pipelines. in this project, we AIM to address the following issues: - what are the GIC variations under different geomagnetic conditions. for example, during quiet times, CAN bbfs (bursty bulk flows ) generate substantial gics how much GIC CAN be generated during substorms, and how are they related to substorm strength how DO different types of storms (CME, CIR) generating gics. - we extent the studies to extreme storms, such AS carrington-class events or the STEREO-a event. - we will examine if there are any specific ways in which gics are pre-conditioned. for example, does a sequence of storms (such AS during the halloween storms) lead to more intense gics? - DO gics generated BY different drivers have different GIC distributions and extents. for example, is the GIC from a substorms more spatially confined than that generated BY a SSC or a storm? methodology: in this project, we use global mhd magnetosphere, inner magnetosphere, and ionosphere coupled model, openggcm-RCM-ctim. the model computes many key electric currents in the magnetosphere and ionosphere (MI) system. in particular, magnetopause and tail currents in the magnetosphere, ring current, field aligned current (fac) between magnetosphere and ionosphere, and ionosphere currents on 2d shell at 110 km. the latter are represented on a 0.5 (lat) BY 3.0 (lon) degree mesh. from the currents, db/dt on the ground CAN be calculated in different ways, like biot-savart (b-s) integration over equivalent currents or full b-s integration over all MI current systems. practical time resolution CAN be AS little AS 1 second. the models are tested to various degrees separately. using the models in unison will allow to test the entire chain of processes that lead to GIC. with proper ground data the validity of the approach CAN be tested. it is important to introduce statistical errors associated with the model. data assimilation technique will be used to determine these errors in the model. we also use available data such AS the ground magnetometers, DMSP, THEMIS/MMS for substorms, image and ASI cameras for aurora, and more importantly ampere which provides direct global and large scale structures of fac. contributions to the fst effort we will particularly address LWS topic numerical simulations using SOLAR wind MI coupling models with the goal of investigating the role of SOLAR wind in driving gics AS well AS analysis of current and historic satellite and ground data sources during extreme GIC times with the goal of discovering any preconditions necessary for extreme gics."
2024,CO,CO-02,"Regents Of The University Of Colorado, The",80NSSC21K0085 Modification P00003,NSSC - NASA Shared Services Center,"BOULDER, CO (District 02)",08/06/2024,09/15/2023,"Grant, Grant For Research","Educational - Educational Institution, State Controlled Institution of Higher Learning, State Government, US Government Entity","$-34,835","$-34,835",[None Indicated],,,,Observing energetic particles with MMS NEAR magnetotail reconnection
2024,TX,TX-25,University Of Texas At Arlington,80NSSC21K0368 Modification P00004,NSSC - NASA Shared Services Center,"ARLINGTON, TX (District 25)",07/02/2024,05/17/2025,"Grant, Grant For Research","Educational - Educational Institution, Hispanic Servicing Institution, Minority Institution, State Controlled Institution of Higher Learning, State Government, US Government Entity",$0,$0,[None Indicated],,,,"The kelvin-helmholtz instability (khi) is thought to be an important driver of mass and momentum transfer from the SOLAR wind to the earth s magnetosphere. recent studies have suggested that magnetic reconnection might help facilitate this mass and momentum transfer. the khi, which CAN form in response to a flow shear across the low-latitude boundary layer (llbl) on the magnetospheric flanks, manifests AS surface WAVES that propagate along the flow shear direction, and AS the instability becomes non-linear, the WAVES roll up and form vortices. in the presence of a magnetic field, these rolled up vortices CAN lead to compressed current sheets in regions of converging flow at the edge of the vortices, where magnetic reconnection CAN occur. simulations have also shown that turbulence CAN develop within the vortices AS they roll up. this turbulence CAN transfer energy from the large-scale vortices to smaller scales where dissipative collisionless processes CAN heat the particles. additionally, reconnection could also occur on current sheets within the turbulent region, which could provide another mechanism whereby the khi transfers mass and momentum from the SOLAR wind to the earth s magnetosphere. the proposed project will investigate magnetic reconnection and turbulence at different stages of the khi using data from the NASA Magnetospheric Multiscale mission (MMS) in conjunction with global magnetohydrodynamic (mhd) simulations and local particle-in-cell (pic) simulations. we intend to address three science questions: 1. how DO in-plane reconnecting current sheets in the khi evolve at different stages of the instability s development? 2. does the stage of development of the khi change the characteristics of plasma turbulence inside the vortices? 3. at what stage in the development in the khi are enhanced parallel electric fields observed? the organization of the project is at follows. PI dr. wilder (uta) will oversee the project. he will help identify kelvin-helmholtz events and compare observations with global simulation results. he will oversee the graduate student s work in the project. a graduate student (uta) will perform the bulk of the MMS data analysis. they will analyze burst data from MMS and determine when magnetic reconnection and plasma turbulence are observed in the events. they will compare results of their data analysis with simulation outputs to address the science questions. co-i dr. ahmadi (LASP/cu) will perform the bulk of the simulation and modeling work in the project. this will include analyzing mhd output to compare with MMS survey data, AS well AS running the pic code and comparing the output with MMS burst data. she will aid the student in interpreting simulation outputs. co-i dr. eriksson (LASP/cu) will assist in identifying signatures of magnetic reconnection in the kelvin-helmholtz current sheets. co-i dr. elkington (LASP/cu) will run the mhd model and assist in the analysis of its output, AS well AS the comparisons with MS observations. each year the team will submit two papers to a peer-reviewed journal, and will present our results at the american geophysical union (agu) fall meeting, AS well AS at the european geophysical union (egu) general assembly in the spring."
2025,TX,TX-25,University Of Texas At Arlington,80NSSC21K0492 Modification P00003,NSSC - NASA Shared Services Center,"ARLINGTON, TX (District 25)",01/23/2025,01/31/2024,"Grant, Grant For Research","Educational - Educational Institution, Hispanic Servicing Institution, Minority Institution, State Controlled Institution of Higher Learning, State Government, US Government Entity","$-17,594","$-17,594",[None Indicated],,,,The PI will also work with the MMS burst team to make sure that the seasonal guidelines that help the sitls prioritize selections are up to date AS the extended mission goals are updated.
2024,CO,CO-02,"Regents Of The University Of Colorado, The",80NSSC21K0518 Modification P00003,NSSC - NASA Shared Services Center,"BOULDER, CO (District 02)",06/28/2024,06/30/2025,"Grant, Grant For Research","Educational - Educational Institution, State Controlled Institution of Higher Learning, State Government, US Government Entity",$0,$0,[None Indicated],,,,"Understanding the mechanisms of build-up and decay of radiation belt electron fluxes is one of the fundamental problems of modern space physics that has important applications in relation to human technological systems. while significant progress has been achieved in understanding the electron acceleration mechanisms, our understanding of losses is still incomplete. in particular, the unusual structures such AS  storage  rings or multiple belts consisting of ultra-relativistic (~several mev) electrons have been frequently observed inside geosynchronous orbit. importantly, these high-energy electrons are difficult to shield against and are the most dangerous to Spacecraft instrumentation and astronauts. there is still an ongoing debate AS to whether these structures are formed due to electron escape into the interplanetary space or due to internal loss into the atmosphere. recent observations on the van allen probes and MMS show a new type of high-amplitude electromagnetic wave that may be a promising mechanism for energetic particle loss in the inner magnetosphere. these WAVES have frequencies at the oxygen cyclotron frequency and its harmonics and have been observed together with enhanced energetic oxygen fluxes, typical during geomagnetic storms. hence, we propose a study to investigate the characteristics of electromagnetic ion cyclotron harmonic WAVES and their potential role of in the dynamics of energetic particles in the earth s inner magnetosphere. this study will address the following questions: 1. where and under what conditions ion cyclotron harmonic WAVES are observed? what are the typical properties of these WAVES? this will be addressed BY data analysis alone. 2. what is the free energy for these WAVES? this will be addressed BY particle and wave observations, theory and simulations. 3. what is the ion cyclotron harmonic wave effect on energetic ions and electrons? this will be addressed BY conjugate NOAA poes/metop observations and the resonance condition analysis using linear theory. we will use a combination of wave and particle data throughout the whole duration of van allen probes and other current missions (e.g., THEMIS, MMS) to gain the most comprehensive cross-mission database of harmonic wave characteristics. satellite data will be used to obtain wave power and spectra, and background plasma density and ion velocity distributions. these parameters will be used AS input to linear theory and simulations to identify the free energy of these WAVES. NOAA energetic particle telescopes will be used to look at precipitation of energetic electrons and ions into the atmosphere in locations conjugate to cyclotron harmonic wave observations. this proposal is relevant to the main objectives of the NASA van allen probes mission:   quantify the loss of radiation belt electrons and determine the balance between competing acceleration and loss processes . it addresses the decadal survey goal  determine the dynamics and coupling of earth s magnetosphere...  BY directly observing signatures of wave-particle interactions in the inner magnetosphere. it will provide further understanding of the inner magnetosphere dynamics, mechanisms of electromagnetic ion cyclotron harmonic wave generation, and their potential role in the outer radiation belt dynamics during geomagnetic storms."
2024,CA,CA-12,"Regents Of The University Of California, The",80NSSC21K0580 Modification P00003,NSSC - NASA Shared Services Center,"BERKELEY, CA (District 12)",08/22/2024,08/28/2025,"Grant, Grant For Research","Educational - 1862 Land Grant College, Educational Institution, Other Not For Profit Organization",$0,$0,[None Indicated],,,,"Objectives: an outstanding characteristic of the earth s magnetotail is the impulsive transport of energy through the plasma sheet [1]. this transport takes the form of energy flows comprised of electromagnetic and kinetic fluxes that intensify the ring current, modulate the radiation belts and DRIVE aurora. identifying the nature of the energy transport in these flows is a requirement for advancing understanding of how the energy stored in fields and plasmas comprising the plasma sheet is transported and converted to power magnetospheric dynamics. we propose to decompose these flows through the plasma sheet into the kinetic and electromagnetic contributions that characterize the physics of the energy transport process. specifically, our objectives are to: 1. identify and quantify the contributions to energy transport. 2. characterize the coupling and conversion between transport modes. mission data: this research will be pursued using fields and plasma measurements from the magnetospheric multi-scales mission (MMS). the 4 MMS Spacecraft (SC) traverse the plasma sheet over distances extending inward from ~25 earth radii from earth while providing unprecedented resolution from 4 points in a tetrahedral configuration separated BY distances extending from multiple ion gyro-radii down to electron inertial lengths. these measurements combined with the novel physics-based methodology we propose provide the capacity to characterize the energy transport process through the plasma sheet in terms of the bulk transport and the constituent normal modes of the plasma. methodology: the research objectives will be achieved BY direct evaluation of the contributions to bulk energy transport and the implementation of a generalized decomposition technique based on a fluid-kinetic model applied to the 4-point measurements return from MMS in electromagnetic fields and plasmas. the decomposition technique filters the observed energy flows into the elemental kinetic and mhd modes of the plasma. interferometric measurements from four SC provides a spectrum of wavevectors spanning fluid and kinetic scales that allow straightforward multi-scale decomposition and facilitates statistical analyses. this approach will enable the extraction of the field and plasma variations in each mode and quantify the contribution of each to the total energy transport observed. furthermore, it will allow the examination of the coupling and conversion between modes that may be expected on gradients in the plasma characteristic of the plasma sheet and often invoked in theoretical studies of plasma sheet electromagnetic energy transport. these measurements when combined with those of the bulk particle kinetic and electromagnetic energy flux characterize the energy transport over the MMS tetrahedron and address via statistics the variation in local time and radial distance. these observations will provide scale dependent topological maps of the composition of energy transport through the plasma sheet. with the three tail seasons from MMS providing complete field and particle measurements there is more than sufficient data for the pursuit of the science we propose. relevance: the energy transport phenomena we propose to examine is a consequence of the energy conversion process that occurs through magnetic reconnection. the research is therefore relevant to MMS s overarching goal. moreover, this research is central to the heliophysics objective to explore and characterize the physical processes in the space environment from the sun to the heliopause and throughout the universe."
2023,MD,MD-04,"University Of Maryland, College Park",80NSSC21K0732 Modification P00002,NSSC - NASA Shared Services Center,"COLLEGE PARK, MD (District 04)",09/11/2023,01/02/2023,"Grant, Grant For Research","Educational - 1862 Land Grant College, Educational Institution, State Controlled Institution of Higher Learning, State Government, US Government Entity","$-257,487","$-413,292",[None Indicated],,,,Probing the vlasov equation with MMS measurements: enabling unprecedented exploration of kinetic plasma phenomena
2025,NJ,NJ-12,"Trustees Of Princeton University, The",80NSSC21K0739 Modification P00004,NSSC - NASA Shared Services Center,"PRINCETON, NJ (District 12)",03/19/2025,03/31/2026,"Grant, Grant For Research","Educational - Corporate Entity Tax Exempt, Educational Institution, Nonprofit Organization, Private University Or College",$0,$0,[None Indicated],,,,"The proposed research addresses turbulence and plasma energization, stated goals of the extended MMS mission."
2025,NJ,NJ-12,"Trustees Of Princeton University, The",80NSSC21K1458 Modification P00006,NSSC - NASA Shared Services Center,"PRINCETON, NJ (District 12)",01/15/2025,10/31/2025,"Grant, Grant For Research","Educational - Corporate Entity Tax Exempt, Educational Institution, Nonprofit Organization, Private University Or College","$124,159","$124,159",[None Indicated],,,,"Downstream of earth's bow shock, the magnetosheath region is highly turbulent. previous observations BY the Magnetospheric Multiscale (MMS) Spacecraft have shown that these isolated intense currents convert field energy into particle energy, at a rate which is a significant fraction (5% 11%) of the energy"
2023,CO,CO-02,"Regents Of The University Of Colorado, The",80NSSC21K1459 Modification P00001,NSSC - NASA Shared Services Center,"BOULDER, CO (District 02)",05/09/2023,08/31/2022,"Grant, Grant For Research","Educational - Educational Institution, State Controlled Institution of Higher Learning, State Government, US Government Entity",$-347,$-347,[None Indicated],,,,"We propose to use MMS observations in earth s magnetosheath, in co-linear configuration to carry out a study of the strong turbulence observed in this region. we AIM to focus on kinetic scale turbulence and the dissipative processes occurring at those scales, AS well AS the resulting particle heating and acceleration. these multi-point observations, performed simultaneously across multiple scales and along the SAME baseline, permit us to study the multi-scale statistical properties of the observed turbulence. previous studies were limited to either single-Spacecraft techniques, or a single scale, defined BY the size of the tetrahedron of the MMS Spacecraft formation. additionally, the Spacecraft being approximately aligned with the orbital path and the mean plasma flow, means the Spacecraft cross the SAME structures consecutively in close succession, separated BY a few proton gyration times. this affords us a unique opportunity to examine the temporal evolution of such kinetic-scale structures. the data that will be analyzed for this project consists of burst-resolution multipoint measurements, obtained BY the four MMS Spacecraft in the magnetosheath. specifically, we will use data from the flux-gate and search-coil magnetometers of the fields instrument suite to identify magnetic field structures such AS current sheets, and to characterize the statistical properties of the turbulent fluctuations. additionally, we will use electron and ion velocity distributions from the FPI instrument to study the thermal and suprathermal populations observed in the turbulence. the high time resolution at which 3-dimensional distribution functions are measured allows us to examine the evolution of the plasma between the four Spacecraft and thus enables an investigation into the link between the fast-evolving intermittent structures formed in turbulence, the dissipative processes occurring within them, and the resulting particle energization. this analysis will further our understanding of plasma turbulence at kinetic scales. we will directly evaluate the multi-scale properties of turbulence, beyond single Spacecraft techniques and their limitations. we will also directly examine the formation and evolution of intermittent structures such AS current sheets, where previous studies have demonstrated significant dissipation occurs. these results will lead to a deeper insight into the physics of turbulent dissipation and the associated heating and particle acceleration."
2023,TX,TX-20,Southwest Research Institute,80NSSC21K1461 Modification P00001,NSSC - NASA Shared Services Center,"SAN ANTONIO, TX (District 20)",11/15/2022,02/14/2022,"Grant, Grant For Research","Non-Profit Institutions - Corporate Entity Tax Exempt, Nonprofit Organization","$-109,637","$-109,637",[None Indicated],,,,Investigation of ion kinetic effects at nonstationary shocks using MMS mission data
2025,MD,MD-04,"University Of Maryland, College Park",80NSSC21K1462 Modification P00002,NSSC - NASA Shared Services Center,"COLLEGE PARK, MD (District 04)",12/20/2024,12/31/2023,"Grant, Grant For Research","Educational - 1862 Land Grant College, Educational Institution, State Controlled Institution of Higher Learning, State Government, US Government Entity",$-7,$-7,[None Indicated],,,,Comparing MMS observations of lower-hybrid drift WAVES in the electron diffusion region with pic simulation
2023,CA,CA-12,"Regents Of The University Of California, The",80NSSC21K1481 Modification P00002,NSSC - NASA Shared Services Center,"BERKELEY, CA (District 12)",05/02/2023,09/30/2023,"Grant, Grant For Research","Educational - 1862 Land Grant College, Educational Institution, Other Not For Profit Organization","$102,803","$102,803",[None Indicated],,,,"The main objective of this proposal is to investigate the occurrence of electron-only reconnection in the magnetosheath and establish the underlying properties of this process. we will address the following key questions: 1. what are the observable signatures that CAN  the occurrence of electron-only reconnection in the earth s turbulent magnetosheath? 2. what is the range of reconnection rate associated with electron-only reconnection? these science questions will be addressed with a comprehensive survey of magnetosheath current sheets observed BY the Magnetospheric Multiscale (MMS) mission, covering a wide range of inflowing plasma parameters. MMS is uniquely capable to fully resolve electron-scale current sheets and able to convincingly identify reconnection events because of its ultra-high-resolution plasma and field measurements. there are thousands of magnetosheath current sheets captured from sept 2015 to march 2020 BY MMS, which is sufficient for the proposed study. we will focus on large sets of intense current sheets to search for electron-only reconnection events. once a set of electron-only events have been rigorously ed, we will use them to understand the range of reconnection rate."
2023,MD,MD-04,"University Of Maryland, College Park",80NSSC21K1482 Modification P00003,NSSC - NASA Shared Services Center,"COLLEGE PARK, MD (District 04)",08/09/2023,06/29/2023,"Grant, Grant For Research","Educational - 1862 Land Grant College, Educational Institution, State Controlled Institution of Higher Learning, State Government, US Government Entity","$-3,028","$-3,028",[None Indicated],,,,Comparing MMS observations of electron phase-space-density gradients to self-consistent vlasov-maxwell solutions
2024,CO,CO-02,Space Science Institute,80NSSC21K1680 Modification P00002,NSSC - NASA Shared Services Center,"BOULDER, CO (District 02)",09/13/2024,11/30/2024,"Grant, Grant For Research","Non-Profit Institutions - Corporate Entity Tax Exempt, Nonprofit Organization","$131,850",$0,[None Indicated],,,,"Collisionless shocks are ubiquitous in space and astrophysical plasmas, where they often provide one of the most efficient mechanisms for particle heating and acceleration. furthermore, planetary bow shocks control the interaction of the SOLAR wind with planetary magnetospheres (notably that of the earth), while the arrival of interplanetary (ip) shocks often triggers significant space weather events, such AS geomagnetic storms. it has long been recognized that in a collisionless plasma, where coulomb binary collisions are too infrequent to control energy dissipation around shocks, plasma WAVES and instabilities may play a crucial role in providing the energy dissipation necessary for the shock to exist. ion acoustic, lower-hybrid, whistler-branch, and other fast, short-wavelengths fluctuations are routinely observed in Spacecraft measurements and have been identified in relevant numerical simulations. yet, it remains unclear currently if these fluctuations play an essential role or, alternatively, are a relatively benign accompaniment to the shock which is ultimately controlled BY kinetic behavior of individual particles (such AS electrostatic and magnetic particle reflection). the goal of the proposed investigation is to address this uncertainty using a combination of high-resolution kinetic simulations and Spacecraft observations. methodology: the center element of the proposed work will be high-resolution (including those with cells size at or below debye length), fully kinetic particle-and-cell (pic) simulations. the simulations will be predominantly 2d. a small number of 3d targeting specific issues (such AS determination of the spectra of excited instabilities) may be conducted AS well. the simulations will use initial and boundary conditions corresponding to typical conditions observed at the earth s bow shock and ip shocks. the properties of the short-wavelength fluctuations and global structure of the shock (e.g. profiles of flow, temperature, particle distributions functions when available) will be compared to Spacecraft observations from wind, THEMIS, and MMS. electric and magnetic field data from both wind, THEMIS, and MMS will be analyzed in combination with particle data from thermal to suprathermal energies. the electromagnetic and electrostatic fluctuations will be identified and then compared to the observed particle distributions looking for evidence of free energy and/or the predicted effect of the WAVES on the particle distributions. we will compare to simulation results AS even with MMS, many of the interactions occur too quickly to directly observe the evolution of the particle distributions. we will determine the initial and final states of the particle distributions from simulations and use that knowledge to quantify the effect of the WAVES on the distributions in the observations. relevance of the problem to the heliophysics overarching goal: the proposal is directly relevant to the strategic objective  to understand the sun and its interactions with earth and the SOLAR system, including space weather  since shocks are widely recognized AS a major player in these interactions. the proposal directly addresses all three overarching science goals: i) to explore the physical processes at work in the space environment from the sun to earth and throughout the SOLAR system II) to advance our understanding of the connections between the sun, earth, the planetary space environments, and the outer reaches of our SOLAR system and III) to develop the knowledge and capability to detect and predict extreme conditions in space to protect life and society and to safeguard exploration beyond earth."
2024,CO,CO-02,"Regents Of The University Of Colorado, The",80NSSC21K1689 Modification P00002,NSSC - NASA Shared Services Center,"BOULDER, CO (District 02)",09/10/2024,08/31/2025,"Grant, Grant For Research","Educational - Educational Institution, State Controlled Institution of Higher Learning, State Government, US Government Entity",$0,$0,[None Indicated],,,,Overview: high-time-resolution observation from MMS guided BY simulations of reconnecting plasmas reveal that both electron and ion
2025,NH,NH-02,Trustees Of Dartmouth College,80NSSC21K2048 Modification P00003,NSSC - NASA Shared Services Center,"HANOVER, NH (District 02)",12/16/2024,12/17/2025,"Grant, Grant For Research","Educational - Corporate Entity Tax Exempt, Educational Institution, Nonprofit Organization, Private University Or College",$0,$0,[None Indicated],,,,Understanding magnetic reconnection in the era of Magnetospheric Multiscale mission (MMS)
2024,MD,MD-04,"University Of Maryland, College Park",80NSSC22K0352 Modification P00001,NSSC - NASA Shared Services Center,"COLLEGE PARK, MD (District 04)",07/22/2024,12/23/2025,"Grant, Grant For Research","Educational - 1862 Land Grant College, Educational Institution, State Controlled Institution of Higher Learning, State Government, US Government Entity","$260,000",$0,[None Indicated],,,,The Magnetospheric Multiscale (MMS) mission consists of four fully instrumented satellites with a major focus on exploring the microphysics of magnetic reconnection. AS the FIRST mission with sufficient temporal resolution to measure full electron distribution functions in the narrow boundary layers that
2025,CA,CA-12,"Regents Of The University Of California, The",80NSSC22K0520 Modification P00002,NSSC - NASA Shared Services Center,"BERKELEY, CA (District 12)",02/27/2025,02/28/2026,"Grant, Grant For Research","Educational - 1862 Land Grant College, Educational Institution, Other Not For Profit Organization","$188,711",$0,[None Indicated],,,,"Particles are accelerated to very high, non-thermal energies in many space, SOLAR, and astrophysical plasma environments. accelerated particles often form a power-law energy spectrum, but it is still unclear why power-laws are formed, how the power-law index (slope) depends on the plasma conditions, and ultimately how particles are accelerated. of all the plasma environments, earth s plasma environment is special in a sense that in-situ measurements are readily available and the particle energy spectrum CAN be obtained directly without the complexities remote-sensing measurements typically have. furthermore, many models of particle acceleration involve fundamental plasma processes such AS shocks and magnetic reconnection, and in the NEAR-earth environment both shock acceleration and reconnection-associated acceleration CAN be studied in-situ. thus, this proposal aims to advance our understanding of particle acceleration BY focusing on earth s plasma environment and further explorer the properties of power-law spectrum. more specifically, this proposal addresses the following science questions: 1. how often are power-law forms present in ion and electron energy spectra in earth s plasma environment such AS the bow shock and magnetotail, and what are the typical values of the power-law index d? 2. what plasma conditions control the power-law index d in earth s plasma environment? to address these science questions, this proposed project will take the large amount of data obtained BY NASA s MMS Spacecraft and perform a systematic, statistical study. MMS has an advantage of covering a wide range of particle energy with its multiple instruments and their data are well calibrated. to characterize the particle energy spectra, a combination of different analytical forms of spectrum will be used to fit the data. this proposal addresses an important science question regarding the fundamental plasma processes such AS shocks and magnetic reconnection. AS such, this project directly addresses one of the overarching goals of heliophysics research program, i.e., explore and characterize the physical processes in the space environment from the sun to the heliopause and throughout the universe."
2025,CA,CA-12,"Regents Of The University Of California, The",80NSSC22K0522 Modification P00003,NSSC - NASA Shared Services Center,"BERKELEY, CA (District 12)",03/14/2025,02/28/2026,"Grant, Grant For Research","Educational - 1862 Land Grant College, Educational Institution, Other Not For Profit Organization",$0,$0,[None Indicated],,,,"The earth's radiation belts (rb) present a natural hazard to space exploration. the past decade has shown GREAT progress in understanding the processes that DRIVE rb dynamics and the crucial role of resonant electron interaction with whistler-mode WAVES for thie dynamics. however, there are still two essentially different concepts in competition for providing an accurate description of actual wave-particle interactions in the rb: (1) the quasi-linear diffusion theory (qldt) assumes that electrons are continuously scattered through random numerous interactions with low-amplitude WAVES with a sufficiently broad spectrum. the main problem with the applicability of this concept is that observed whistler-mode WAVES are often highly coherent and reach sufficiently high amplitudes to violate the applicability criteria of the qldt (2) the models of nonlinear (nl) electron resonant interaction with highly coherent WAVES operate with principally non-diffusive phenomena AS electron phase trapping and phase bunching. models of nl wave-particle interaction predict a considerably more effective and rapid electron acceleration and scattering than the qldt does. in fact, the observed long-term variations of relativistic electron fluxes are often well reproduced BY the ql diffusion models, despite the presence of a significant population of very intense coherent WAVES that should in principle lead to a predominance of nl effects. this suggests that nl effects are often somewhat mitigated in the rb. the main goal of this project is to reveal wave properties that control the efficiency of nl wave-particle interaction and CAN contribute to the mitigation of nl resonant effects presumably leading to transition to much smaller interaction effects (i.e., to the ql model). these wave properties may well consist of the short time scale variations of wave amplitude, wave frequency, and wave phase often observed within or in-between chorus wave-packets and are rarely included in the existing models of wave-particle interaction. the FIRST objective of this project is to reveal characteristics of wave temporal phase, frequency, and amplitude variations for intense chorus WAVES in the radiation belts, i.e., to determine the typical time scales of chorus wave amplitude, frequency, coherence variations. results of the FIRST objective will be used for the construction of the realistic model of a chorus wavefield to be used for evaluations of the effects of these factors to nonlinear wave-particle interactions making use of the test-particle models. thus, the second project objective is to reveal how the realistic wave phase, amplitude and frequency variations alter nonlinear electron interaction with chorus WAVES and to verify the level of perturbation, which releases the connection with the ql approximation. the third objective is to validate the criteria for the applicability of ql and nl approximation depending on geomagnetic conditions and local plasma characteristics. the methodology of this objective consists of a combination of processing the van allen probes  and MMS wave observations (waveforms collected during minutes and hours phase, amplitude, spectral processing of single- and multi-Spacecraft vlf data), massive test particle simulations, and theoretical estimates. this project is focused on the effects of realistic variations of wave phase and wave frequency on electron interaction with intense whistler WAVES (widespread through the entire heliosphere, including SOLAR wind and planetary magnetospheres) and will shed new light onto the limits of applicability of nl and ql approaches to wave-particle interactions in the heliosphere and the important impact of this for the rb dynamics. therefore, the project is relevant to NASA's heliophysics' overarching goal and the specific objective:  explore and characterize the physical processes in the space environment from the sun to the heliopause and throughout the universe."
2025,NH,NH-02,Trustees Of Dartmouth College,80NSSC22K1109 Modification P00003,NSSC - NASA Shared Services Center,"HANOVER, NH (District 02)",03/31/2025,06/30/2025,"Grant, Grant For Research","Educational - Corporate Entity Tax Exempt, Educational Institution, Nonprofit Organization, Private University Or College",$0,$0,[None Indicated],,,,"Our goal is to understand the orientation, velocity, and spatial structure of reconnecting magnetic regions AS observed BY the Magnetospheric Multiscale (MMS) mission. in order to understand observations of magnetic reconnection, it is necessary to know the orientation of the magnetic structure. for instance, one CAN'T evaluate the reconnecting field component, normal magnetic field, or reconnection electric field without knowing the directions associated with these features. without knowing the velocity of the magnetic structure, one CAN'T evaluate the velocity of the particles toward or away from that structure. on the mhd scale, one could assume that the magnetic flux is convecting with the ion velocity, and in the ion diffusion region, one could assume that the magnetic flux is convecting with the electron velocity. but in the electron diffusion region (EDR), of greatest interest to the MMS mission, the particles and fields are decoupled. therefore, it is necessary to use other means to determine the velocity of the structure. finally, we need to visualize the magnetic structure in order to understand the DYNAMIC processes that are occurring."
2025,MI,MI-06,Regents Of The University Of Michigan,80NSSC22K1260 Modification P00002,NSSC - NASA Shared Services Center,"ANN ARBOR, MI (District 06)",11/21/2024,06/30/2025,"Grant, Grant For Research","Educational - Educational Institution, State Controlled Institution of Higher Learning, State Government, US Government Entity","$40,000",$0,[None Indicated],,,,Magnetospheric Multiscale mission investigation of flux rope internal plasm and external magnetic connectivity
2024,TX,TX-20,"University Of Texas At San Antonio, The",80NSSC22K1853 Modification P00001,NSSC - NASA Shared Services Center,"SAN ANTONIO, TX (District 20)",04/16/2024,12/31/2025,"Grant, Grant For Research","Educational - Educational Institution, Hispanic Servicing Institution, Minority Institution, State Controlled Institution of Higher Learning, State Government, US Government Entity","$48,667",$0,[None Indicated],,,,Journeying through the magnetopause statistical study of the kelvin helmholtz instabilities AS observed BY MMS mission
2025,CO,CO-02,"Regents Of The University Of Colorado, The",80NSSC23K0009 Modification P00002,NSSC - NASA Shared Services Center,"BOULDER, CO (District 02)",03/17/2025,03/15/2024,"Grant, Grant For Research","Educational - Educational Institution, State Controlled Institution of Higher Learning, State Government, US Government Entity",$-1,$-1,[None Indicated],,,,Investigation of ion kinetic effects at nonstationary shocks using MMS mission data
2025,WI,WI-02,University Of Wisconsin System,80NSSC23K0088 Modification P00002,NSSC - NASA Shared Services Center,"MADISON, WI (District 02)",05/13/2025,10/16/2025,"Grant, Grant For Research","Educational - 1862 Land Grant College, Educational Institution, State Controlled Institution of Higher Learning, State Government, US Government Entity","$211,878",$0,[None Indicated],,,,21-hsr21_2-0019 - electron energization BY magnetic pumping explored through MMS data
2024,CA,CA-32,"University Of California, Los Angeles",80NSSC23K0096 Modification P00001,NSSC - NASA Shared Services Center,"LOS ANGELES, CA (District 32)",09/16/2024,10/16/2025,"Grant, Grant For Research","Educational - 1862 Land Grant College, Educational Institution, State Controlled Institution of Higher Learning, State Government, US Government Entity","$246,654",$0,[None Indicated],,,,"It has been long observed that key physical processes, such AS plasma density, magnetic field, and wave power, which control the dynamics of earth s radiation belts vary spatially and temporally on the order hours or less. however, due to computational limitations it has been common to use only statistical estimates of these processes and a dipole approximation, for quasi-linear diffusion coefficient computations, necessary for diffusive modeling of the radiation belt system. hence, this variability has never been truly captured in our simulations, and our understanding of the importance of each physical process has been cloaked BY the introduced error and bias. the goal of the proposed effort is to employ time and space-varying parameters to fully quantify the geomagnetic-activity-dependent importance of (a) wave type and intensity, (b) plasma density, and (c) magnetic field, in driving non-adiabatic electron acceleration and loss in earth s radiation belts. methodology the quasi-linear diffusion coefficients are originally computed using the ucla full diffusion code, and then compiled into a parametric model that allows a fast look-up-table approach to be employed. the fast quasi-linear diffusion coefficient computations accurately reproduce results from the traditional computation methods but are over 250,000 times faster. the diffusion coefficients are then ingested into verb4d and ucla diffusion code simulations to specify the radiation environment. the model initial and boundary conditions utilize multi-Spacecraft bias-corrected phase space density dataset, including THEMIS, van allen probes, GOES, GPS, cluster, and MMS observations. empirical wave data are obtained from the SAME set of Spacecraft. event-specific wave power, AS a function of l and mlt is obtained from the poes Spacecraft, and recently developed Machine Learning models. event-specific density is also derived from a recently developed Machine Learning model. simulations will employ an ensemble-based short-term analysis method, that relies on distributions of our initial conditions, boundary conditions, and model parameters. using median-symmetric accuracy and signed-symmetric percentage bias, we will determine the optimal ensemble member for each time period, and the conditions and parameters, which minimize the model error and bias. we will also compute the standard deviation in our ensembles to determine the sensitivity of the simulations to the conditions and parameters under different geomagnetic conditions. the best simulation will then be used AS a restart initial condition for the next time period. verification will employ in situ flux observations from van allen probes, GOES, and GPS Spacecraft across multiple energies and l-shells. a variable and sliding window of simulation start time will be used to investigate any dependence on the time scale, and to ensure that there is no bias AS a result of the start time used. the results will be combined into new parametric models that will allow event-specific modeling for historic periods and in NEAR REAL-time applications. relevance the proposed effort will resolve the importance of magnetospheric WAVES and plasma conditions across multiple geomagnetic conditions, BY performing extensive physics-based modeling based on the data from NASA Spacecraft missions. our proposal will address the specific objectives 1 and 3 of NASA heliophysics research program. the analysis technique will allow exploration of characterization of the physical processes in the space environment. the ensemble-driven model will develop the knowledge and capability to detect and predict extreme conditions in space to protect life and society and to safeguard human and robotic explorers beyond earth."
2025,NH,NH-01,University System Of New Hampshire,80NSSC23K0337 Modification P00002,NSSC - NASA Shared Services Center,"DURHAM, NH (District 01)",01/03/2025,12/05/2025,"Grant, Grant For Research","Educational - 1862 Land Grant College, Corporate Entity Tax Exempt, Educational Institution, Nonprofit Organization",$0,$0,[None Indicated],,,,"Single source, enhancing visualizations for public relations and outreach using MMS reconstructions of magnetic reconnection"
2025,TX,TX-20,Southwest Research Institute,80NSSC23K0417 Modification P00003,NSSC - NASA Shared Services Center,"SAN ANTONIO, TX (District 20)",03/20/2025,04/09/2026,"Grant, Grant For Research","Non-Profit Institutions - Corporate Entity Tax Exempt, Nonprofit Organization","$193,271",$0,[None Indicated],,,,"Spacecraft (S/C) crossing the magnetopause often observe a single transient structure or a series of bipolar signatures in the magnetic field component normal to the magnetopause (bn). numerous observations of these signatures, termed AS flux transfer events (ftes), have established their typical signatures, including enhanced magnetic field strength due to a strong core field at/around the bn reversal. most of these signatures have been explained BY their generation via single- or multiple-x-line reconnection. however, a large portion of observed ftes displays more complex core field signatures than a simple enhancement. the core field maximum CAN be bracketed BY two minima, or the core field enhancement CAN display a local minimum NEAR the center. these types of ftes are commonly referred to AS crater ftes and the two distinct profiles have been described AS w- and m-shaped. although these crater ftes have been proposed to be early-stage ftes, or associated with a back-and-forth S/C motion relative to typical ftes or a separatrix crossing, the substructures and formation mechanism of atypical ftes including crater ftes have not been established. furthermore, recent observations indicate that magnetic reconnection occurring at the leading edge or at the center of ftes may erode magnetic flux contained in ftes, thus contributing to the evolution of ftes and their structures. the goal of this project is to discover the kinetic processes underlying various substructures of atypical ftes and to understand how these micro (electron)-to-meso (ion)-scale dynamics determine the meso-to-macroscopic properties and time-varying nature of ftes. this goal is achieved BY completing two objectives: o1: determine the kinetic processes underlying atypical ftes with different substructures. o2: understand how kinetic processes determine cross-scale properties and evolution of ftes. BY completing these two objectives, we determine how localized dynamics such AS reconnection, flow shear, wave activity, and energy dissipation regulate the characteristics of ftes, constructing the full context of topology and evolution of  typical atypical ftes . to complete o1-2, to complete these objectives, we utilize a combination of observational and theoretical methodologies. this combination incorporates the ample MMS observations of atypical ftes, reconstruction techniques, particle-in-cell (pic) simulations, and theoretical analysis. MMS with its high-resolution measurements enables us to resolve the detailed substructures of ftes. fours/ c analyses, including force analysis and quantitative testing of kinetic-scale physics, allow us to investigate the micro/meso-scale physics underlying substructures of ftes (o1). we additionally use ACE/wind/geotail/cluster/THEMIS/artemis/DSCOVR data to determine SOLAR wind and boundary conditions for fte occurrences. we employ 4-S/C observations of ftes to place their spatio-temporal variations in context of cross-scale properties and evolution of ftes (o2). BY synthesizing in-situ observations and simulations, we determine whether or not the local kinetic dynamics link to certain types of atypical ftes and how these physical processes lead to energy conversion and regulate the evolution of ftes, which are highly relevant to the coupling of the SOLAR wind and earth s magnetosphere. understanding the formation, structure, and evolution of ftes improves our understanding of the connections between SOLAR variability and earth space environments, directly relevant to the heliophysics overarching goal. in particular, our program addresses one of the most fundamental physical processes, i.e., magnetic reconnection that occurs from the sun to the heliosphere and throughout the universe, which is entirely relevant to the goals of the MMS mission."
2025,NH,NH-01,University System Of New Hampshire,80NSSC23K1152 Modification P00001,NSSC - NASA Shared Services Center,"DURHAM, NH (District 01)",12/17/2024,09/11/2026,"Grant, Grant For Research","Educational - 1862 Land Grant College, Corporate Entity Tax Exempt, Educational Institution, Nonprofit Organization","$155,802",$-1,[None Indicated],,,,Probing the vlasov equation with MMS measurements: enabling unprecedented exploration of kinetic plasma phenomena
2025,CO,CO-02,The Regents Of The University Of Colorado,80NSSC23K1630 Modification P00002,NSSC - NASA Shared Services Center,"BOULDER, CO (District 02)",12/03/2024,08/31/2026,"Grant, Grant For Research","Educational - Educational Institution, State Controlled Institution of Higher Learning, State Government, US Government Entity","$50,000",$0,[None Indicated],,,,"22-helio22-0045, investigations of particle energization due to plasma turbulence andmagnetic reconnection with the Magnetospheric Multiscale mission"
2023,MD,MD-04,"University Of Maryland, College Park",80NSSC23K1662 Modification 0 (Base Record),NSSC - NASA Shared Services Center,"COLLEGE PARK, MD (District 04)",09/25/2023,09/30/2024,"Grant, Grant For Research","Educational - 1862 Land Grant College, Educational Institution, State Controlled Institution of Higher Learning, State Government, US Government Entity","$115,000","$115,000",[None Indicated],,,,Determining the magneto-thermodynamic evolution of electron-only reconnection with MMS
2024,CA,CA-12,"Regents Of The University Of California, The",80NSSC24K0069 Modification 0 (Base Record),NSSC - NASA Shared Services Center,"BERKELEY, CA (District 12)",10/12/2023,12/31/2024,"Grant, Grant For Research","Educational - 1862 Land Grant College, Educational Institution, Other Not For Profit Organization","$125,000","$125,000",[None Indicated],,,,Investigating dispersionless relativistic electrons in earth s plasma sheet reconnection region using MMS
2024,TX,TX-20,Southwest Research Institute,80NSSC24K0092 Modification 0 (Base Record),NSSC - NASA Shared Services Center,"SAN ANTONIO, TX (District 20)",10/23/2023,10/31/2024,"Grant, Grant For Research","Non-Profit Institutions - Corporate Entity Tax Exempt, Nonprofit Organization","$109,392","$109,392",[None Indicated],,,,The proposal aims to investigate how enhanced concentrations of SOLAR wind he++ affect ion heating at earth s bow shock BY analyzing in-situ measurements of ion distributions from NASA s Magnetospheric Multiscale (MMS) mission.
2025,CO,CO-02,The Regents Of The University Of Colorado,80NSSC24K0093 Modification P00002,NSSC - NASA Shared Services Center,"BOULDER, CO (District 02)",12/23/2024,10/31/2025,"Grant, Grant For Research","Educational - Educational Institution, State Controlled Institution of Higher Learning, State Government, US Government Entity","$128,000","$128,000",[None Indicated],,,,Investigation of turbulent magnetic reconnection with MMS observations during the 2023 unbiased magnetosheath campaign
2025,MA,MA-07,Trustees Of Boston University,80NSSC24K0144 Modification P00001,NSSC - NASA Shared Services Center,"BOSTON, MA (District 07)",03/10/2025,03/10/2025,"Grant, Grant For Research","Educational - Corporate Entity Tax Exempt, Educational Institution, Nonprofit Organization, Private University Or College","$-113,426","$-871,238",[None Indicated],,,,"We propose to study the SOLAR wind-magnetosphere coupling efficiency under different SOLAR wind conditions and evaluate the influence of bow shock BY simulating the SOLAR wind-magnetosphere interaction with the mhd with adaptively embedded particle-in-cell (mhd-aepic) model, measuring the global SOLAR wind-magnetosphere coupling efficiency with a test particle module that is coupled to the mhd-aepic model, and validating the global simulation results with MMS data and high-resolution one- and two-dimensional local shock simulations. specifically, our proposed investigation will answer the following three fundamental science questions: 1. what are the global mass and energy transferring rates BY magnetopause reconnection under different SOLAR wind conditions? 2. what are the paths for the SOLAR wind particles entering the magnetosphere? what is the role of ftes in transferring plasma? 3. how will the kinetic phenomena produced NEAR the bow shock change the global magnetopause reconnection and plasma coupling efficiency? the proposed investigation is highly relevant to the LWS fst #2:  coupling of the SOLAR wind plasma and energy to the geospace system, and it focuses on the fst #2 science goals of identifying the parameters controlling the transfer of energy through dayside magnetopause reconnection and understanding the role of SOLAR wind fluctuations in the coupling of the SOLAR wind to the earth."
2025,TX,TX-25,University Of Texas At Arlington,80NSSC24K0874 Modification P00001,NSSC - NASA Shared Services Center,"ARLINGTON, TX (District 25)",05/01/2025,03/31/2027,"Grant, Grant For Research","Educational - Alaskan Native Servicing Institution, Educational Institution, Hispanic Servicing Institution, Minority Institution, State Controlled Institution of Higher Learning, State Government, US Government Entity","$58,361",$0,[None Indicated],,,,Single source the Magnetospheric Multiscale scientist in the loop
2025,MD,MD-07,University Of Maryland Baltimore County,80NSSC25K7352 Modification 0 (Base Record),NSSC - NASA Shared Services Center,"BALTIMORE, MD (District 07)",01/04/2025,11/04/2025,"Grant, Grant For Research","Educational - Educational Institution, State Controlled Institution of Higher Learning, State Government, US Government Entity","$114,661","$114,661",[None Indicated],,,,"During the 1 year duration of this project, the PI and both undergraduate student researchers will present at the MMS community workshop taking place may 12-14, 2025 in PARIS, france. in order to support multi-mission science collaborations between MMS and the upcoming Tandem Reconnection and Cusp Electrodynamics Reconnaissance Satellites (TRACERS) mission, the PI will present at the TRACERS team meeting december 2024 in washington DC, AS well AS the TRACERS team meeting in april 2025 at the launch of the mission ( exact dates and location not yet scheduled). both undergraduate student researchers will present their work at the University of Maryland Baltimore County (UMBC) undergraduate research symposium in april 2025. the proposed project will produce a minimum of two research articles to be published in peer-reviewed journals. these are likely to be agu journals ( geophysical research letters or journal of geophysical research), frontiers in astronomy and space sciences, or the astrophysical journal, depending on the final scope and impact of the new science generated BY the proposed project. all members of the team for this project will honor a commitment to supporting swt science activities when requested BY MMS swg and/or the MMS project science office. the PI will also support MMS operations BY continuing to perform sitl duties during the duration of this project and beyond."
2025,MD,MD-07,The Johns Hopkins University,80NSSC25K7353 Modification 0 (Base Record),NSSC - NASA Shared Services Center,"BALTIMORE, MD (District 07)",01/07/2025,11/30/2025,"Grant, Grant For Research","Educational - Corporate Entity Tax Exempt, Educational Institution, Nonprofit Organization, Private University Or College","$124,833","$124,833",[None Indicated],,,,"This research focuses on analyzing high-speed magnetosheath jets -- transients generated downstream of collisionless shocks -- whichffer valuable insights into the particle acceleration, kinetic shock processes, and the interaction between SOLAR wind and earth's magnetosphere. the proposed objectives to investigate shock-related phenomena and particle energization directly align with the MMS mission's goals of exploring kinetic scale plasma.processes at earth's bow shock and beyond.."
2025,NH,NH-01,University System Of New Hampshire,80NSSC25K7354 Modification 0 (Base Record),NSSC - NASA Shared Services Center,"DURHAM, NH (District 01)",03/12/2025,11/30/2025,"Grant, Grant For Research","Educational - 1862 Land Grant College, Corporate Entity Tax Exempt, Educational Institution, Nonprofit Organization","$121,487","$121,487",[None Indicated],,,,Investigating the compression and expansion of the magnetopause: an MMS statistical analysis
2025,CA,CA-12,"Regents Of The University Of California, The",80NSSC25K7355 Modification 0 (Base Record),NSSC - NASA Shared Services Center,"BERKELEY, CA (District 12)",12/19/2024,12/31/2025,"Grant, Grant For Research","Educational - 1862 Land Grant College, Educational Institution, Minority Institution, Other Not For Profit Organization","$110,000","$110,000",[None Indicated],,,,Three-year extension of the MMS mission operations.
2025,CO,CO-02,Space Science Institute,80NSSC25K7356 Modification 0 (Base Record),NSSC - NASA Shared Services Center,"BOULDER, CO (District 02)",01/06/2025,12/31/2025,"Grant, Grant For Research","Non-Profit Institutions - Corporate Entity Tax Exempt, Nonprofit Organization","$124,734","$124,734",[None Indicated],,,,Three-year extension of the MMS mission operations
2025,CO,CO-02,The Regents Of The University Of Colorado,80NSSC25K7357 Modification 0 (Base Record),NSSC - NASA Shared Services Center,"BOULDER, CO (District 02)",01/06/2025,11/30/2025,"Grant, Grant For Research","Educational - Educational Institution, State Controlled Institution of Higher Learning, State Government, US Government Entity","$121,125","$121,125",[None Indicated],,,,Conduct research in alignment with senior review approved MMS mission goals and objectives BY analyzing MMS data. communicate research findings to the scientific community through conference presentations and publications.
2025,DE,DE-00,University Of Delaware,80NSSC25K7390 Modification 0 (Base Record),NSSC - NASA Shared Services Center,"NEWARK, DE (District 00)",01/17/2025,10/20/2027,"Grant, Grant For Research","Educational - 1862 Land Grant College, Corporate Entity Tax Exempt, Educational Institution, Nonprofit Organization, Private University Or College","$170,000","$510,000",[None Indicated],,,,"In the coming project period we will continue to support MMS mission goals, through study of plasma turbulence, reconnection, plasma energization and heating, seeking understanding at a fundamental physics level. accordingly, most of our studies will involve detailed analysis of MMS data, both in an individual event/interval basis and in a survey basis. we also complement observational studies with informative numerical simulations, both mhd and kinetic plasma."
2025,NH,NH-01,University System Of New Hampshire,80NSSC25K7682 Modification 0 (Base Record),NSSC - NASA Shared Services Center,"DURHAM, NH (District 01)",05/06/2025,03/31/2028,"Grant, Grant For Research","Educational - 1862 Land Grant College, Corporate Entity Tax Exempt, Educational Institution, Nonprofit Organization","$168,845","$524,456",[None Indicated],,,,"The study will use MMS/hpca data to measure the plasma sheet density and composition and wind/swe data and ACE/swepam data to measure the he++ and h+ densities and their ratio in the SOLAR wind. the research will use a combination of CASE studies and statistical studies. for the CASE studies, time periods when there are sharp changes in SOLAR wind parameters and MMS is in the plasma sheet will be identified. the time lag between the changes observed in the SOLAR wind and the changes in the plasma sheet at different locations will be used to assess the time for transport. for the statistical study, we will create a database of h+, he++ and o + densities in the plasma sheet, averaged over 5 minutes to obtain adequate statistics to allow corrections to the minor species densities caused BY on-board compression. correlations between the he++/h+ ratio in the plasma sheet and in the SOLAR wind under various SOLAR wind and IMF conditions using different time lags will be used to determine the pathways and time scales for SOLAR wind entry. comparisons will be made at different locations in the plasma sheet to identify the likely locations of entry, and the interplay between the SOLAR wind and ionospheric sources."
2025,CA,CA-12,"Regents Of The University Of California, The",80NSSC25K7938 Modification 0 (Base Record),NSSC - NASA Shared Services Center,"BERKELEY, CA (District 12)",06/25/2025,05/31/2028,"Grant, Grant For Research","Educational - 1862 Land Grant College, Educational Institution, Minority Institution, Other Not For Profit Organization","$165,000","$495,000",[None Indicated],,,,The proposed work will provide continued support to the development and maintenance of the scientist-in-the-loop (sitl) tool for the science operations of the Magnetospheric Multiscale (MMS) mission. the sitl activities were proposed in the MMS senior review proposal in response to the solicitation announcement: hsenrev23: heliophysics 2023 senior review.
2025,TX,TX-20,Southwest Research Institute,NNG04EB99C Modification 148,GSFC - Goddard Space Flight Center,"SAN ANTONIO, TX (District 20)",04/29/2025,09/30/2026,"Definitive Contract, Cost Plus Fixed Fee",Non-Profit Institutions - Nonprofit Organization,"$3,000,000",$0,336414,,AO-03-OSS-01,,"- incrementally fund- removal of clauses/drds iaw eo14035 -AS the Principal Investigator (PI) institution for the Magnetospheric Multiscale  (MMS) instrument suite science team (isst), the contractor is responsible for leading the solving magnetospheric acceleration reconnection and turbulence (smart) team through all mission phases. the scope of work shall include, but not be limited, to the following:- manage the smart team through phases b through e of the MMS mission, - defining science goals and objectives- assist the MMS project and HQ Science Mission Directorate heliophysics division in the preparation of level 1 requirements for the MMS mission- flow-down of top-level mission requirements to the appropriate elements of the instrument suite- design, fabrication, integration, calibration, testing and delivery of four fully qualified, flight instrument suites to observatory Integration and Test (I&T) plus spares- design, development, integration and testing of the SOC- support observatory-level I&T activities- provide sustaining engineering and I&T support of the instrument suites after delivery to NASA- responsibility for the on-orbit operation, health and safety of the instrument suites- responsibility for operating and maintaining the SOC post-launch- establishing and managing subcontracts with instrument suite team members- establishing and maintaining the required International Traffic in Arms Regulations (ITAR) and export control documentation necessary for working with its international team members- implementation of an epo program for the MMS mission."
2023,CA,CA-36,"University Of California, Los Angeles",NNX14AN68G Modification 14,NSSC - NASA Shared Services Center,"LOS ANGELES, CA (District 36)",06/27/2023,07/15/2022,"Grant, Grant For Research","Educational - 1862 Land Grant College, Educational Institution, Hospital, State Controlled Institution of Higher Learning, State Government, US Government Entity",$-654,$-654,[None Indicated],80-0120,,,"The elfin-star (elfin*) cubesat will resolve the role of electromagnetic ion cyclotron (emic) WAVES for (and determine the rate of) relativistic electron precipitation during storms. from a NEAR-polar (i&gt;65o), low-earth (400km altitude) orbit, elfin* will provide unique, pitch-angle- and energy-resolved spectra of relativistic electron fluxes within the loss cone to determine whether they bear the characteristic signatures of equatorial scattering BY emic WAVES. comparing its observations with diffusion models for emic, chorus, magnetopause shadowing and other loss mechanisms elfin* will establish whether losses are dominated BY emic WAVES or are due to other processes. energetic particle detector (EPD) electron measurements (0.1-5mev), at resolution 11.25o (0.4o   0.8o at the equator at l5-7) resolving the loss-cone, including trapped particles achieve closure. if emic WAVES propagate to the ionosphere, elfin* s magnetometer (mag) will also detect them (desired, but neither necessary nor sufficient for closure). elfin* s integrated data analysis approach and rapid dissemination strategies via the space environment data analysis system (spedas, an off-spring of THEMIS) optimize science yield and ensure widest community benefits. elfin* s potential is compounded BY conjunctions with concurrent equatorial missions in 2016 (THEMIS, rbsp, ERG, MMS) that will complement its unique, loss-coneresolving spectra. our similar proposal to NSF in 2012 (elfin) is one of two front-runners but has not been selected (yet) due to programmatic considerations in a tough fiscal environment. if elfin is selected BY NSF, we hereby propose under h-TIDES to execute elfin* s star option. elfin* will build an identical satellite to NSF s elfin, and release it on the SAME Launch Vehicle into a formation orbit with its twin. spring-separation provides a natural variation of the inter-cubesat distance, with a full-orbit lap once PER 30days.elfin* s small-separation radiation belt crossings (0-15min, 33% of the time), will resolve the temporal variability (loss-cone fill rate) and spatial extent of the relativistic electron precipitation and determine its agreement with equatorial emic wave diffusion rates, over time scales comparable to such diffusion (minutes). thus, for at least 2 storm-time precipitation events over its baseline (6- month) mission, elfin* will determine the global role of emic WAVES on radiation belt precipitation. a radiation margin of&gt;2 and emphasis on parts selection for a&gt;1yr design-life is expected to double this science yield, to&gt;4 storms. elfin* resolves a fundamental space- and plasma-physics question related to relativistic electron scattering and loss in the outer radiation belt. its star option, if exercised, will determine the global effects of such scattering. for purposes of understanding space weather and fundamental plasma processes, determining storm-time outer belt electron loss rates and mechanisms is just AS importantas determining acceleration or transport. elfin* is therefore key in the heliophysics discipline s aspiration both for a comprehensive national space weather program and to understand  fundamental microscopic physics AS well AS the global system behavior , AS recommended BY the 2012 heliophysics decadal survey. elfin* directly addresses all three stated heliophysics objectives (in the 2010 SMD science plan) to understand: the  fundamental physical processes of the space environment , how  technological systems  are affected BY SOLAR variability  and  developing the capability to predict extreme and DYNAMIC conditions in space . these also tiedirectly to heliophysics science goals #2 and #4 listed in the decadal survey (p-s2). elfin* s approach to address losses system-wide BY integrating its unique dataset with those of other NASA missions addresses the primary recommendation of the decadal survey(fig. 1.2) for system-science with the integrated heliophysics system observatory."
2023,DE,DE-00,University Of Delaware,NNX17AI25G Modification 6,NSSC - NASA Shared Services Center,"NEWARK, DE (District 00)",01/31/2023,08/31/2022,"Grant, Grant For Research","Educational - 1862 Land Grant College, Corporate Entity Tax Exempt, Educational Institution, Nonprofit Organization, Private University Or College",$-215,$-215,[None Indicated],80-0120,,,"The multi-scale coupling which leads to dissipation in collisionless plasma turbulence plays a fundamental role in the dynamics of the heliosphere. although it is well accepted that a nonlinear cascade is occurring in turbulent plasmas in the heliosphere leading to significant heating, the link between this cascade and the resultant heating is unclear. furthermore, intermittency and current sheets (both reconnecting and non-reconnecting) are prevalent in heliospheric plasma, but their role in the cascade and heating is only beginning to be understood. for this REASON, this proposal is focused on the ""triad of interactions"" that relate the cascade rates, the heating rates, and the reconnection rates in turbulent plasma. the main science question, therefore, of this proposal is: what is the relationship between cascade rates, heating rates, and reconnection rates in turbulence in the SOLAR wind and the earth's magnetosheath? the proposed research will focus on two key subquestions: (1) in turbulent plasmas, how does the cascade establish conditions for reconnection? and (2) what fraction of heating in turbulence is associated with reconnection and how does this vary with plasma and turbulence properties? BY ""heating,"" we mean in increase of the second moment of the distribution function. these two sub-questions will be addressed using fully kinetic particle-incell simulations and observations. these two and three dimensional simulations of decaying turbulence will include the lower end of the inertial range while still self-consistently including the physics of both ion and electron heating. the Spacecraft observations will focus on turbulence in the SOLAR wind and the earth's magnetosheath, using wind, THEMIS/artemis, cluster, and MMS observations. FIRST, the plasma conditions controlling current sheet structure and reconnection in turbulence will be examined. likely conditions to be studied are: cascade rate, turbulence amplitude, plasma beta and alfven ratio. second, this understanding of the statistics of reconnection and current sheets and the turbulent factors controlling them will be applied to current laminar reconnection heating knowledge to determine the role that heating associated with reconnection is playing in turbulent heating. this research relates best to the decadal survey goal 4: ""discover and characterize fundamental processes that occur both within the heliosphere and throughout the universe."" there is strong relevance of the proposed research to present and upcoming missions, given that reconnection, turbulence and heating, in various combinations, are central to the driving scientific questions behind the Magnetospheric Multiscale, SOLAR probe plus and SOLAR orbiter missions."
