Year,State,District,Contractor,Contract/Mod Number,NASA Center,Place of Performance,Award Date,Completion Date,Award Type,Contractor Type - Indicators,Obligations,Change in Award Value,NAICS Code,TAS Code,Solicitation ID,Solicitation POC,Description
2025,AL,AL-07,University Of Alabama,80NSSC22K1078 Modification P00002,NSSC - NASA Shared Services Center,"TUSCALOOSA, AL (District 07)",02/25/2025,12/31/2025,"Grant, Grant For Research","Educational - Corporate Entity Tax Exempt, Educational Institution, Nonprofit Organization, State Controlled Institution of Higher Learning","$175,409",$0,[None Indicated],,,,"The martian crustal magnetic field, FIRST detected over two decades ago BY NASA's mars global surveyor (mgs) satellite, has provided insights into and challenges in understanding the geophysical evolution of mars. like topography, the magnetic field intensity exhibits a roughly hemispheric dichotomy with strong crustal magnetic fields over the rugged southern highlands, and weak fields over the northern lowlands. magnetic data collected BY NASA's Mars Atmosphere and Volatile Evolution (MAVEN) satellite since 2014, together with recent methodological advancements, allow us to now tackle two fundamental, outstanding questions about mars' crustal structure and history. research question 1 (rq 1): could the strong magnetic signals in the terra cimmeria and sirenum region be a consequence of serpentinization that could have provided substantial amounts of molecular hydrogen to potential early life in the crust of mars? research question 2 (rq 2): what geologic processes shaped the weak crustal magnetic fields in the northern hemisphere? more precisely: what are the magnetic source depths of the various magnetic signals in and around the northern lowlands? answering the rq requires tight constraints on the depths of magnetic sources. source depths obtained from recent global crustal magnetic field models are a step forward in this direction but have too large an uncertainty (sometimes extending from above the planet into the mantle) to address these key issues. this is a consequence of the use of global models to calculate local source depths BY examining the relative power in different spatial wavelengths of the magnetic field. global models that fit weak and strong magnetic fields simultaneously CAN introduce ringing into the resulting model, which then biases source depth calculations. smoothness constraints may additionally compromise source depth estimations BY affecting different spatial wavelengths differently. we propose a different approach. for each investigation location we will calculate local crustal magnetic field models for various choices of smoothness constraints and random data subsampling. from these local models, we will calculate source depths and use the variation in outcomes to explore uncertainties in source depths. we demonstrate that the proposed approach CAN yield source depths with an uncertainty sufficient to address the rq. rq 1 is relevant AS it pertains to MEPAG-2020 goal i, objective a, sub-objective a.2: ""investigate the nature and duration of habitability NEAR the surface and in the deep subsurface."" MEPAG-2020 also notes: ""... the subsurface should be considered an exciting new frontier for mars exploration, and a particularly promising target environment to address the objectives presented in goal i."" rq 2 is relevant AS it pertains to MEPAG-2020 goal III, objective a, sub-objective a4: ""determine the nature and timing of construction and modification of the crust."" determining the spatial variation of the magnetic source depths will provide a new perspective of the geologic processes of the northern lowlands. ROSES mdap is the most appropriate program element for this proposal, because the proposed research questions will be solved using MAVEN data. this proposal is focused on data analysis and no substantial new methodological developments will be carried out."
2025,AZ,AZ-02,Northern Arizona University,80NSSC24K1234 Modification P00001,NSSC - NASA Shared Services Center,"FLAGSTAFF, AZ (District 02)",11/18/2024,07/31/2027,"Grant, Grant For Research","Educational - Educational Institution, Hispanic Servicing Institution, School Of Forestry, State Controlled Institution of Higher Learning, State Government, US Government Entity","$48,576","$48,576",[None Indicated],,,,"23-pstar23_2-0052, in situ exploration of terrestrial silica sinter deposits with terra-cam and terra-tes"
2025,CA,CA-50,University Of California San Diego,80NSSC24K1426 Modification P00001,NSSC - NASA Shared Services Center,"LA JOLLA, CA (District 50)",04/25/2025,12/09/2027,"Grant, Grant For Research","Educational - 1862 Land Grant College, Corporate Entity Tax Exempt, Educational Institution, Nonprofit Organization, State Controlled Institution of Higher Learning","$53,073",$0,[None Indicated],,,,Maintenance of modis algorithms to estimate particulate organic carbon concentration in the surface ocean for the aqua and terra satellite missions
2025,CA,CA-16,Seti Institute,80NSSC21M0233 Modification P00002,NSSC - NASA Shared Services Center,"MOUNTAIN VIEW, CA (District 16)",05/20/2025,06/20/2026, Cooperative Agreement,"Non-Profit Institutions - Corporate Entity Tax Exempt, Nonprofit Organization",$0,$0,[None Indicated],,,,"Characterization of the martian surface via orbital investigations is proposed here. we will be analyzing data collected BY the Mars Reconnaissance Orbiter (MRO) that is currently in orbit at mars. this cooperative agreement is for work funded to dr. bishop AS a co-i on the crism (compact reconnaissance imaging spectrometer for mars) team, where dr. bishop is leading the spectral identification tasks related to hydrated minerals and surface alteration. we propose to investigate the form and character of the phyllosilicates and sulfates present on mars in order to provide constraints on the geochemical environment and climate on mars during their formation. dr. bishop will lead identification of phyllosilicates and sulfates using VNIR hyperspectral crism image cubes. the objective of this study is to characterize the processes that occurred on mars to form hydrated phases at locations including mawrth valles, ius chasma, gale crater, terra tyrrhena, noctis labyrinthus, and juventae chasma. martian surface mineralogy provides clues to the geochemical history and climate, and minerals such AS phyllosilicates and sulfates are key indicators of water on mars. this project supports NASA s strategic plan in terms of exploring and characterizing the surface of mars AS PART of the planetary science component of strategy 1.1 and the agency s exploration initiative in strategy 1.2."
2025,CO,CO-02,"Regents Of The University Of Colorado, The",80NSSC22K0046 Modification P00003,NSSC - NASA Shared Services Center,"BOULDER, CO (District 02)",10/29/2024,12/31/2025,"Grant, Grant For Research","Educational - Educational Institution, State Controlled Institution of Higher Learning, State Government, US Government Entity",$0,$0,[None Indicated],,,,"Earth s energy imbalance, currently estimated at 0.8 0.2 w m-2, is stored primarily in the ocean and is a key contributor to sea level rise. while global mean sea level has risen at a rate of 3.4 mm/year since 1993, regional deviations have been substantial, leading to marginal rates of rise in some locations while doubling rates in others. an understanding of these spatial patterns and the relative roles of internal variability and forced changes in driving them is critical for providing actionable guidance on changes over the coming decade and beyond. given sea level s strong ties to the energy budget, a multidisciplinary effort is proposed, combining data based on terra and aqua satellite observations, along with complementary NASA reanalysis data (merra-2, eccov4), and satellite altimetry with the overarching goal of quantifying the drivers of regional sea level rise in nature and improving the representation and prediction of these drivers in climate models. the specific goals of this proposal are to 1) use terra and aqua data to quantify the flows of energy that DRIVE regional sea level rise during the altimeter era AS PART of a novel and holistic observational analysis that combines satellite retrievals with atmospheric and ocean reanalyses, and 2) use this analysis to assess ncar and NASA climate model simulations, identify their dominant biases, and inform model development and projections. the proposal is motivated in PART BY recent studies BY the pis revealing the emergence of the climate-change forced response in regional sea level in altimetry data and the associated predictable component of rise in the coming decades. based on these results, it is argued that the flows of energy through the climate system diagnosed from terra, aqua, and complementary data, and forced changes estimated from models, in addition to being a powerful constraint on model feedbacks, CAN serve AS the basis for multidecadal regional sea level rise predictions. the FIRST stage of our proposed work lies in diagnosing terra/aqua-era regional sea level rise, including its steric and DYNAMIC contributions and the associated atmospheric, surface, and oceanic energy fluxes that DRIVE them. we will use top-of-atmosphere and surface radiative fluxes provided BY the clouds and earth RADIANT energy system (CERES) project. we will also use a new CERES product, the radiative flux BY cloud type (fct) dataset, based on CERES and modis measurements on terra and aqua, to provide a detailed understanding of the role of clouds in these budgets. the merra-2 reanalyses will also be used to provide estimates of flows within the atmosphere. ocean budgets will be closed with ocean state estimation from both the estimating the circulation and climate of the ocean (ecco) project. ancillary data products (e.g. deepc), which have been generated using other satellites anchored BY CERES, will also be used to extend our analysis back in time to 1993, the beginning of the altimeter era. a priority will be given to understanding the influence of advances in the observing system such AS argo to the time-varying uncertainty in these data. in turn, these diagnostics will be used to assess ncar and NASA climate models, including their simulated modes of internal variability and forced responses to climate change. models from other u.s. modeling centers may also be assessed, AS the necessary data become available. a central focus of our model evaluation exercise will be on the radiative flux contributions of various cloud types using the fct simulator. in an effort to better understand the drivers of variability in the altimeter record, single-forcing simulations from ncar s cesm1 and cesm2, and NASA s GISS-model-e will be used, both during the altimeter era and further back in time. lastly, and based on the ability of climate models to the altimeter record of regional SLR and its drivers, Machine Learning methods will be used to winnow projections from climate models."
2025,CO,CO-02,University Corporation For Atmospheric Research,80NSSC22K1045 Modification P00003,NSSC - NASA Shared Services Center,"BOULDER, CO (District 02)",04/01/2025,05/12/2026,"Grant, Grant For Research","Non-Profit Institutions - Corporate Entity Tax Exempt, Nonprofit Organization",$0,$0,[None Indicated],,,,"The ministry of earth sciences (moes), india is mandated to develop air quality early warning systems (aqews) to timely  the public of forthcoming air pollution episodes and implement temporary emission control measures to reduce the predicted air pollution events. AS a pilot, the indian institute of tropical meteorology (iitm), the indian meteorological department (imd), and the national center for atmospheric research (ncar) have collaboratively developed an operational aqews for delhi that has been providing 72-h air quality forecasts daily since 01 oct 2018. the system assimilates the moderate resolution imaging spectroradiometer (modis) aerosol optical depth (aod) retrievals to improve initialization of aerosol chemical composition. the assimilation of modis aod retrievals is shown to improve the accuracy of fine Particulate Matter (pm2.5) forecasts in delhi BY 70-86% during the crop-residue burning season. decision-makers have found these air quality forecasts useful in imposing and/or lifting-off temporary restrictions on targeted emission sources to improve air quality in delhi. to EXPAND air quality decision-making activity beyond delhi and impose science-based temporary control measures, the decisionmakers have demanded the development of similar aqews in other indian megacities along with a decision support system (DSS) that will provide information about the sensitivities of predicted air quality to a set of target emission sources (e.g., construction activities, traffic, power generation, and industrial production) predefined in the grades response action plan. this project aims to meet these needs through the following: 1) develop a Machine Learning based decision support system (DSS) that will help decision-makers to assess the relative importance of controlling target emission sources predefined in grap and implement the most effective control measures. 2) develop high-resolution (400 m x 400 m) aqews for five additional indian megacities namely ahmedabad, bengaluru, pune, indore and bhubaneswar. 3) integrate new capabilities in the information dissemination system. 4) transition new capabilities to iitm and imd. we will define new model domains to simulate air quality in the aforementioned five cities at 400 m grid spacing and explore the feasibility of improving aerosol chemical initialization via additional assimilation of the maiac aod retrievals available at 1 km resolution. since terra and aqua satellites are aging, we will also develop the capability to assimilate VIIRS aod and tropomi carbon monoxide (co) retrievals in the aqews (including for delhi) to ensure that air quality forecasts continue to benefit from NASA satellite observations beyond the lifetime of the modis sensors. the proposed DSS will be tied to the grap and through a Machine Learning algorithm that will be applied in such a way that ozone and pm2.5 CAN be predicted AS a function of tagged co TRACERS representing various emission sectors and regions, which is a computationally efficient approach to track various emission sources and regions. all the new capabilities will be integrated into the aqews dissemination system using the concepts of usable science. the indian and us scientists will closely collaborate to co-design and co-develop the aqews and DSS to build local capacity in both chemical data assimilation and source attribution during the project itself to ensure that these skills CAN be used to develop aqews and DSS for other cities in india BY indian scientists themselves."
2025,IL,IL-13,University Of Illinois,80NSSC24K1607 Modification P00001,NSSC - NASA Shared Services Center,"URBANA, IL (District 13)",04/22/2025,08/31/2027,"Grant, Grant For Research","Educational - 1862 Land Grant College, Educational Institution, State Controlled Institution of Higher Learning, State Government, US Government Entity","$50,000",$0,[None Indicated],,,,Quantitative evaluation of atmospheric tomography with 3d radiative transfer for advancement in cloud and aerosol retrievals using terra and camp2ex data and in future mission design.
2025,MA,MA-05,Smithsonian Institution,80NSSC23K1596 Modification P00002,NSSC - NASA Shared Services Center,"CAMBRIDGE, MA (District 05)",11/20/2024,08/09/2026,"Grant, Grant For Research",Non-Profit Institutions - Nonprofit Organization,"$550,000",$0,[None Indicated],,,,"The goal of this project is to advance the development of the hitran (high-resolution transmission) molecular spectroscopic database compilation and associated software. the database is critical for the NASA observation missions that seek to characterize the atmosphere using remote sensing experiments, primarily from space. these missions consist of the suite of former and current NASA experiments, including instruments on aura (hirdls, mls, tes, and omi) AS well AS AIRS, mopitt, SAGE III, oco-2 and oco-3, aqua, terra, EMIT, ECOSTRESS and future approved or proposed NASA missions including TEMPO, libera, CLARREO, GEO-cape, gacm, PACE. this project also benefits from a close relationship with non-NASA and foreign missions, including ACE, tropomi, gosat (1 and 2), iasi, toms, sbuv, jem/smiles, gems, gome on ers-2, sciamachy and gomos flying on envisat, smr on odin, cris instrument flying on suomi npp, NOAA-20 and noaa21 AS well AS future non-NASA missions, including merlin, iasi-NG, carbonsat, methanesat and microcarb. NASA airborne science program, AS well AS, the ground-based tccon and ndacc networks, also rely on the quality of the reference spectroscopic data. it is FAIR to say that every NASA-funded mission equipped with spectrometers of any resolution use hitran data in the analyses of their retrievals. the priority of the program is to improve the spectroscopic parameters of molecular transitions that affect the Modeling and Simulation of atmospheric radiance and transmission retrievals. particular goals include improved accuracy of all spectroscopic parameters, global consistency of line intensities, improved line-shape parameters (and the means BY which they are represented), the addition of missing molecular bands and trace gas species, representation of phenomena that are impacting the retrievals, including collision-induced absorption (CIA) bands, advanced line-shape formalisms, line mixing, and water vapor continuum. realistic uncertainty estimates, along with the links to the original data sources, will also be provided. the tools for disseminating and working with the data, including the online interface and hitran Application Programming Interface (hapi) will also be improved and enhanced. user support, advanced documentation, and tutorials, AS well AS an improved interface for NASA projects, are thus INTEGRAL aspects of the hitran project. in summary, the database will develop following the pact (practical, accurate, complete, and traceable) approach."
2025,MD,MD-04,"University Of Maryland, College Park",80NSSC22K0042 Modification P00003,NSSC - NASA Shared Services Center,"COLLEGE PARK, MD (District 04)",11/22/2024,11/30/2025,"Grant, Grant For Research","Educational - 1862 Land Grant College, Educational Institution, State Controlled Institution of Higher Learning, State Government, US Government Entity",$0,$0,[None Indicated],,,,Mdap20 arabia terra layered deposit stratigraphy and distribution: evidence for early martian explosive volcanism?
2025,MD,MD-04,"University Of Maryland, College Park",80NSSC24K1267 Modification P00002,NSSC - NASA Shared Services Center,"COLLEGE PARK, MD (District 04)",12/09/2024,08/04/2027,"Grant, Grant For Research","Educational - 1862 Land Grant College, Educational Institution, State Controlled Institution of Higher Learning, State Government, US Government Entity","$45,543",$0,[None Indicated],,,,21-mdap21_2-0047 photogeologic study of noachis terra - crustal evolution and the effects of basin-forming events on early mars
2025,MD,MD-04,"University Of Maryland, College Park",80NSSC22K1362 Modification P00003,NSSC - NASA Shared Services Center,"COLLEGE PARK, MD (District 04)",04/02/2025,08/31/2025,"Grant, Grant For Research","Educational - 1862 Land Grant College, Educational Institution, State Controlled Institution of Higher Learning, State Government, US Government Entity","$44,561",$0,[None Indicated],,,,"The role of NASA's land discipline leadership team (ldlt) is to coordinate the activities and interests of the terra/modis, aqua/ modis, suomi-npp/VIIRS land PI's, to ensure continuity of science data products, and to serve AS a liaison between the scientific community which benefits from these long-term data records and the program management. land science products from modis remain the most widely used of all the NASA EOS instruments and among the equivalent international coarse-resolution sensors. AS the modis aqua instrument ages, land data products from VIIRS are likely to become more widely used. in this ROSES'20 a.33 call, in addition to continued product generation and distribution, there is an increased emphasis on advances in earth system science that CAN benefit from using the modis and VIIRS time-series. it is also likely to see continuing degradation of the modis terra instrument and decreased performance, which will have implications for product quality and management decisions concerning the continued processing of its data. this call is also the FIRST time the support for modis terra/aqua, suomi-npp, and NOAA-20 VIIRS instruments, science algorithms, and data products have been combined. the land discipline team will be using data from three instruments and generating products in multiple data streams from modaps and the land VIIRS SIPS. we anticipate an increase in the number of land-focused science data analysis studies (section 2.1), using these data and their NEAR-REAL time applications using the LANCE system (section 2.3.1). AS a result, the ldlt coordination will have an expanded role. to support this role, we propose to continue the current ldlt model, combining key elements of the previous land teams, consisting of PI rom n, co-i justice, co- i devadiga. since 2013, this ldlt has represented the interests of the land science community involved in instrument calibration, science, and NEAR-REAL time applications, comprising a group of around 50 investigators and technical staff. the ldlt have also maintained active science leadership roles (AS pis and/or co-is) in the brdf/albedo/nbar (wang et AL., 2018), the snow & ice (hall et AL., 2019), active fires & burned area (csiszar et AL., 2014 giglio et AL., 2018), surface reflectance (vermote et AL., 2014), and black marble product suites (rom n et AL., 2018), which are widely used in support of NASA earth science decadal survey objectives and priorities for addressing global environmental, socioeconomic, and climate studies. the ldlt will continue to oversee the production, quality assessment, evaluation, and dissemination of the standard suite of land continuity products for modis and VIIRS and provide overall coordination of the land discipline team."
2025,MD,MD-07,Morgan State University,80NSSC23K0928 Modification P00004,NSSC - NASA Shared Services Center,"BALTIMORE, MD (District 07)",05/06/2025,04/20/2026,"Grant, Grant For Research","Historically Black Colleges and Universities - Educational Institution, Historically Black College Or University, Minority Institution, State Controlled Institution of Higher Learning, State Government, US Government Entity","$47,319",$0,[None Indicated],,,,"Global chemistry climate models (ccms) show a large spread in their simulated distributions of key tropospheric constituents, including the hydroxyl radical (oh), the atmosphere s primary oxidant. ccms are one of the primary tools for investigating chemistry climate feedbacks such AS the 2-way interaction of methane lifetime, which is largely controlled BY oh, with climate. understanding the causes of inter-model spread in oh is therefore vital to reducing uncertainties in chemistry-climate feedbacks on methane lifetime AS well AS in the simulation of the many atmospheric constituents that are influenced BY oh. while oh itself is too short-lived to undergo significant transport, its distribution is strongly related to that of its chemical drivers, such AS ozone, water vapor, carbon monoxide (co), and nitrogen dioxide (no2), which undergo transport and for which space-based observational constraints are available. we propose a comprehensive approach to identify how differences in key model dynamical processes manifest in differences in the simulated distributions of the chemical drivers of oh and, subsequently, oh itself. we will investigate how inter-model differences in dynamics impact simulated oh. while recent work has focused primarily on the impact of differences in chemical processes, we focus on dynamics because of its important role in setting the distribution of the chemical drivers of oh. we propose to re-cast the oh sensitivities in terms of the DYNAMIC and meteorological drivers of oh sources and sinks. we will employ statistical analyses, including a Machine Learning technique, to identify relationships between meteorology, idealized TRACERS, and simulated oh across the models in a recent model intercomparison. we will also use sensitivity studies with a single model to quantify the role of specific processes identified in the statistical analysis. a key deliverable of the proposed work will be a description of novel, process-based diagnostics, based on satellite observations and idealized TRACERS, that may be used to identify the potential contribution of a dynamical process to inter-model differences in the distributions of oh and its chemical drivers. we will take advantage of long-term satellite data records, including recent multi-satellite datasets, to develop diagnostics for assessing the credibility of the simulated chemical drivers of oh. we propose to use observations from NASA satellites including EOS aura (tes, mls, omi), aqua (AIRS), and terra (mopitt) for this work. our proposed work aims to address the following questions:   how DO differences in simulated transport impact the simulated spatial distributions of the chemical drivers of oh and, subsequently, oh?   how DO differences in the simulation of interannual variability related to enso and other climate indices manifest in the variability of the drivers of oh and oh itself?   what does comparison of simulated outgoing longwave radiation (olr), cloud cover, no2, co, ozone, and water vapor with satellite observations indicate about the credibility of simulated oh variability? it directly addresses the aura/acmap research issues of tropospheric air quality and oxidation efficiency and chemistry/climate interactions."
2025,NJ,NJ-08,Terra Research Inc,80NSSC25K7095 Modification 0 (Base Record),NSSC - NASA Shared Services Center,"HOBOKEN, NJ (District 08)",10/24/2024,06/30/2028,"Grant, Grant For Research","Small Business ONLY - Corporate Entity Not Tax Exempt, For Profit Organization","$4,928","$82,463",[None Indicated],,,,Improving representation of the cryosphere in GISS gcm
2025,NY,NY-20,"Research Foundation For The State University Of New York, The",80NSSC22K0319 Modification P00003,NSSC - NASA Shared Services Center,"ALBANY, NY (District 20)",12/13/2024,12/06/2025,"Grant, Grant For Research","Non-Profit Institutions - Corporate Entity Tax Exempt, Nonprofit Organization",$0,$0,[None Indicated],,,,"Recent recognition that land-atmosphere interactions constitute one of the greatest sources of climate uncertainty at 7-30 day timescales has pushed land-atmosphere interactions research to the forefront of earth system model development. climate modelprojected warming and drying trends in many midlatitude land regions underscore the pressing need to better understand the potential contributing role of land atmosphere interactions to these trends. for example, it is critical to understand the sensitivity of land  atmosphere coupling to potential future changes in: landcover and growing season length, temperature and humidity, precipitation and evaporation, and atmospheric circulations. however, limited long-term observational data records of land atmosphere coupling across diverse climate zones limits the extent to which climate model coupled process parameterization may be constrained. we propose to demonstrate that the long-term, integrated multi-satellite, multi-sensor satellite records of NASA s terra, aqua, suomi npp, and NOAA-20 CAN address this data gap through their use in quantification and process attribution of historical land atmosphere coupling variability and trends. the proposed project will address the following specific questions: 1. what is the regional frequency and subseasonal to interannual variability of locally-forced weather events across midlatitudes? 2. to what extent is the frequency of locally-forced weather explained BY vegetation and seasonality? 3. to what extent is land atmosphere coupling strength explained BY weather regime sequencing? 4. how has locally-forced weather contributed to hydroclimate and the evolution of past droughts? 5. how well DO conclusions based on temporally coarse but spatially extensive satellite-based data compare with conclusions supported only BY regional in situ surface-based point observations? the project design is two-pronged with a regional in situ data track and a global satellite data track. the satellite track begins with production of a FIRST-of-its-kind Atmospheric Infrared Sounder (AIRS)-era (2002-2019) 1x1 degree daily reanalysis of midlatitude land-atmosphere coupling, which is subsequently used in a series of increasingly finer time resolution studies, from all-season (year 1) to seasonal (year 2), to 3 7 day synoptic event (year 3) bases. BY contrast, the in situ studies cover all three analysis time scales for a given land-atmosphere coupling hot spot during each project year. in these hotspots, modeling studies have indicated an outsized impact of soil moisture realism on subseasonal temperature and precipitation prediction. the diverse ecosystems and hydroclimates of the hot spots affects land atmosphere coupling variability, and potentially, its detectability from the coarse satellite sensors. BY design, the hot spots are studied in order of decreasing data availability: u.s. GREAT plains, eastern u.s. forests, and south american pampas. accordingly, the in situ data track serves AS a key source of project risk mitigation to the extent that it helps to define minimum satellite data requirements (i.e., observations and temporal sampling) for detecting land-atmosphere coupling variability in different regions. pending the success of our AIRS-era analyses, we will pursue an extension of the satellite track studies back to 1983 using hirs (high-resolution infrared radiation sounder) and other complimentary sensor records. the novel interdisciplinary approaches and datasets of this work will pave the way for accelerated application of NASA satellite data in studies of land atmosphere interaction, refinement of coupled land atmospheric process representation in models, and ultimately, improved weather and climate prediction."
2025,NY,NY-19,Cornell University,80NSSC22K1838 Modification P00005,NSSC - NASA Shared Services Center,"ITHACA, NY (District 19)",02/25/2025,08/28/2025,"Grant, Grant For Research","Educational - 1862 Land Grant College, Corporate Entity Tax Exempt, Educational Institution, Nonprofit Organization, Private University Or College, Veterinary College","$45,549",$0,[None Indicated],,,,"Firstly, we will analyze the response in NASA satellite observations, including TRMM/GPM measurements of precipitation, SMAP/ amsr-e/aquarius retrievals of soil moisture, and terra/modis observations of snow cover and snowpack. where possible we will use merged datasets extending back to 2000 to identify any stratospheric signals the record INCLUDES 14 ssws. on this basis we will assess the reliability of longer-term reconstructions from several modern reanalysis products. secondly, we will exploit a new database of s2s forecasts generated BY the snapsi project, LED BY PI hitchcock. targeting three recent stratospheric events, this model intercomparison project will produce ensemble forecasts from 11 s2s models with a more complete set of output data than is available from existing subx and s2s databases. the experimental design INCLUDES a nudging component that has successfully isolated ssw responses in previous studies. the database will enable us to identify determinants of subseasonal skill in these CASE studies. thirdly we will carry out new s2s experiments using the geos-s2s forecast system. this will allow us to explicitly test hypothesized mechanisms and evaluate the skill of the geos-s2s model relative to other s2s models. the work proposed here will exploit NASA satellite observations to make novel and substantial contributions to our understanding of the potential skill in subseasonal forecasts of precipitation, snowpack and soil moisture arising from ssws. the use of a multimodel database of s2s forecasts, validated BY recent and novel observations from NASA satellites will allow us to quantify the mechanisms underlying this skill and identify processes that lead to predictability in land surface variables. finally, the use of targeted experiments with geos-s2s will allow us to verify, evaluate, and validate these mechanisms in the NASA subseasonal modeling system. the project team is uniquely positioned to successfully carry out this research, combining expertise on atmospheric dynamics, hydrometeorology and subseasonal prediction. the project will benefit the scientific community through a better understanding of how forecasts of opportunities from ssw events cascade into land surface variables, and the general public BY describing pathways BY which these forecast opportunities CAN result in actionable information on subseasonal time scales."
2025,OR,OR-04,Oregon State University,80NSSC22K0358 Modification P00003,NSSC - NASA Shared Services Center,"CORVALLIS, OR (District 04)",10/29/2024,12/16/2025,"Grant, Grant For Research","Educational - 1862 Land Grant College, Educational Institution, School Of Forestry, State Controlled Institution of Higher Learning, State Government, US Government Entity, Veterinary College",$0,$0,[None Indicated],,,,"The research project proposed here is responsive to sub-element 2.1 science data analysis of the ROSES-2020 the science of terra, aqua, suomi npp, and JPSS series satellites solicitation. the project s ultimate objective is to use ocean color products from the modis sensor on aqua and the VIIRS"
2025,OR,OR-06,A-Terra Llc,80NSSC23CA071 Modification P00002,NSSC - NASA Shared Services Center,"KEIZER, OR (District 06)",04/22/2025,06/05/2025,"Definitive Contract, Firm Fixed Price","Small Disadvantaged Business,Woman Owned Small Business,Small Business Innovative Research,Small Business - For Profit Organization, Limited Liability Corporation, Self Certified Small Disadvantaged Business, Sole Proprietorship, Women Owned, Women Owned Small Business",$0,$0,541715,,,,SBIR phase II high purity oxygen separation from a pyrolysis gas mixture BY rapid solid oxide iontransport
2025,RI,RI-01,Brown University,80NSSC22K0620 Modification P00005,NSSC - NASA Shared Services Center,"PROVIDENCE, RI (District 01)",05/13/2025,02/08/2026,"Grant, Grant For Research","Educational - Corporate Entity Tax Exempt, Educational Institution, Nonprofit Organization, Private University Or College",$0,$0,[None Indicated],,,,20-tasnpp20-0202 a new sea ice drift product for terra and aqua modis remote sensing imagery
2025,WI,WI-02,University Of Wisconsin System,80NSSC19K0134 Modification P00007,NSSC - NASA Shared Services Center,"MADISON, WI (District 02)",10/28/2024,10/25/2025,"Grant, Grant For Research","Educational - 1862 Land Grant College, Educational Institution, State Controlled Institution of Higher Learning, State Government, US Government Entity",$0,$0,[None Indicated],,,,"The launch of terra heralded a revolution in earth observations. using the 15+ years of the EOS era, our understanding of earth s systems has taken a giant leap forward. for many of our EOS data records, the visible-infrared observing suite and other sensors (VIIRS) on suomi-npp and JPSS satellites will provide long-term continuity. while the EOS and follow-on missions will continue to contribute scientifically, the only  once-or-twice-a-day  snapshots limits our understanding of these systems. in particular, our atmosphere is driven BY the daily SOLAR cycle. how DO we observe diurnal information, while also keeping the global perspective provided BY our EOS legacy? this need runs across many EOS-era data products, but is especially pertinent for aerosols. the international global climate observing system (gcos) has defined six requirements AS necessary for developing a climate data record (CDR). a dataset that JOINS EOS and JPSS may be able to meet requirements of record length, spatial resolution, accuracy and precision, but would still be insufficient. there is an additional requirement of frequent temporal observation that cannot be met BY EOS-legacy polar orbiters alone. even if we CAN extend the current data set indefinitely, without increasing the frequency of observation, we CAN never produce an aerosol CDR. with the advent of the third generation of geostationary satellites (GEO), e.g. advanced himawari imagers (ahi) on himawari-8 (h-8 in 2015) and on h-9 (2017), the advanced baseline imager (abi) on GOES-r/16 (2016), we are poised to bring diurnal perspective to understanding of the global aerosol system. however, GEO alone, BY definition, CAN only produce a regional data set. therefore, our goal is to produce a global, diurnal data set from fusion of GEO and polar-orbiting observations. to maintain consistency across the several GEO and polar-orbiting sensors, we will apply a single aerosol-retrieving algorithm. this is the dark target (dt) algorithm, modis  benchmark aerosol product that has been proven on VIIRS and already shows promise on ahi. we propose 3 tiers of products: a level 2 (l2) of dt applied to GEO full disk imagery at sensor native resolution, a l2g of fused GEO and polar orbiting products on a global grid every 30 minutes, and a level 3 that will resolve monthly mean diurnal statistics across the GLOBE. the data sets will be archived and publicly available in netcdf format, but they will also be ingested and available through the giovanni visualization and analysis web site, and enhance the air quality forecasting eidea tool. this proposal brings together a team of aerosol product developers, data experts, air quality scientists and collaborators from the modeling/assimilation and aerosol transport communities, with the purpose of extending the dt aerosol record, not in terms of time series length, but in terms of temporal frequency in order to construct a true aerosol CDR. at the SAME time, we produce a new product from a well-validated mature product that will give researchers and applied scientists across many sub-disciplines the next giant leap forward in understanding the global aerosol system."
2025,WI,WI-02,University Of Wisconsin System,80NSSC21K1967 Modification P00004,NSSC - NASA Shared Services Center,"MADISON, WI (District 02)",03/28/2025,08/31/2025,"Grant, Grant For Research","Educational - 1862 Land Grant College, Educational Institution, State Controlled Institution of Higher Learning, State Government, US Government Entity","$128,659",$0,[None Indicated],,,,"20-tasnpp20-0047, the DYNAMIC habitat indices from terra, aqua, suomi npp and JPSS data for biodiversity science and conservation"
2024,AZ,AZ-02,Northern Arizona University,80NSSC24K1234 Modification 0 (Base Record),NSSC - NASA Shared Services Center,"FLAGSTAFF, AZ (District 02)",07/05/2024,07/31/2027,"Grant, Grant For Research","Educational - Educational Institution, Hispanic Servicing Institution, School Of Forestry, State Controlled Institution of Higher Learning, State Government, US Government Entity","$807,084","$2,075,945",[None Indicated],,,,"23-pstar23_2-0052, in situ exploration of terrestrial silica sinter deposits with terra-cam and terra-tes"
2024,AZ,AZ-04,Arizona State University,80NSSC22K1083 Modification P00001,NSSC - NASA Shared Services Center,"TEMPE, AZ (District 04)",08/05/2024,08/05/2024,"Grant, Grant For Research","Educational - Educational Institution, State Controlled Institution of Higher Learning, State Government, US Government Entity","$-44,057","$-264,270",[None Indicated],,,,"21-mdap21_2-0047, photogeologic study of noachis terra - crustal evolution and the effects of basin-forming events on early mars"
2024,AZ,AZ-07,University Of Arizona,80NSSC24K1302 Modification 0 (Base Record),NSSC - NASA Shared Services Center,"TUCSON, AZ (District 07)",08/09/2024,09/30/2026,"Grant, Grant For Research","Educational - 1862 Land Grant College, Educational Institution, Hispanic Servicing Institution, State Controlled Institution of Higher Learning, State Government, US Government Entity","$67,935","$166,401",[None Indicated],,,,Validation of aqua and terra surface reflectance products using the automated radiometric calibration test site (radcats)
2024,AZ,AZ-07,Planetary Science Institute,80NSSC19K1490 Modification P00005,NSSC - NASA Shared Services Center,"TUCSON, AZ (District 07)",08/21/2024,08/12/2025,"Grant, Grant For Research","Non-Profit Institutions - Corporate Entity Tax Exempt, Nonprofit Organization",$0,$0,[None Indicated],,,,"18-mdap18_2-0074 geologic map of southern circum-chryse and margaritifer terra, mars"
2024,CA,CA-50,University Of California San Diego,80NSSC24K1426 Modification 0 (Base Record),NSSC - NASA Shared Services Center,"LA JOLLA, CA (District 50)",08/23/2024,12/09/2027,"Grant, Grant For Research","Educational - 1862 Land Grant College, Corporate Entity Tax Exempt, Educational Institution, Nonprofit Organization, State Controlled Institution of Higher Learning","$45,544","$233,154",[None Indicated],,,,Maintenance of modis algorithms to estimate particulate organic carbon concentration in the surface ocean for the aqua and terra satellite missions
2024,CO,CO-02,"Regents Of The University Of Colorado, The",80NSSC22K0046 Modification P00002,NSSC - NASA Shared Services Center,"BOULDER, CO (District 02)",04/18/2024,12/31/2024,"Grant, Grant For Research","Educational - Educational Institution, State Controlled Institution of Higher Learning, State Government, US Government Entity","$218,015",$0,[None Indicated],,,,Using terra and aqua measurements to improve simulation and prediction of earths energy flows and regional sea level rise
2024,CO,CO-02,University Corporation For Atmospheric Research,80NSSC22K1045 Modification P00002,NSSC - NASA Shared Services Center,"BOULDER, CO (District 02)",06/03/2024,05/12/2025,"Grant, Grant For Research","Non-Profit Institutions - Corporate Entity Tax Exempt, Nonprofit Organization","$240,114",$0,[None Indicated],,,,"The ministry of earth sciences (moes), india is mandated to develop air quality early warning systems (aqews) to timely  the public of forthcoming air pollution episodes and implement temporary emission control measures to reduce the predicted air pollution events. AS a pilot, the indian institute of tropical meteorology (iitm), the indian meteorological department (imd), and the national center for atmospheric research (ncar) have collaboratively developed an operational aqews for delhi that has been providing 72-h air quality forecasts daily since 01 oct 2018. the system assimilates the moderate resolution imaging spectroradiometer (modis) aerosol optical depth (aod) retrievals to improve initialization of aerosol chemical composition. the assimilation of modis aod retrievals is shown to improve the accuracy of fine Particulate Matter (pm2.5) forecasts in delhi BY 70-86% during the crop-residue burning season. decision-makers have found these air quality forecasts useful in imposing and/or lifting-off temporary restrictions on targeted emission sources to improve air quality in delhi. to EXPAND air quality decision-making activity beyond delhi and impose science-based temporary control measures, the decisionmakers have demanded the development of similar aqews in other indian megacities along with a decision support system (DSS) that will provide information about the sensitivities of predicted air quality to a set of target emission sources (e.g., construction activities, traffic, power generation, and industrial production) predefined in the grades response action plan. this project aims to meet these needs through the following: 1) develop a Machine Learning based decision support system (DSS) that will help decision-makers to assess the relative importance of controlling target emission sources predefined in grap and implement the most effective control measures. 2) develop high-resolution (400 m x 400 m) aqews for five additional indian megacities namely ahmedabad, bengaluru, pune, indore and bhubaneswar. 3) integrate new capabilities in the information dissemination system. 4) transition new capabilities to iitm and imd. we will define new model domains to simulate air quality in the aforementioned five cities at 400 m grid spacing and explore the feasibility of improving aerosol chemical initialization via additional assimilation of the maiac aod retrievals available at 1 km resolution. since terra and aqua satellites are aging, we will also develop the capability to assimilate VIIRS aod and tropomi carbon monoxide (co) retrievals in the aqews (including for delhi) to ensure that air quality forecasts continue to benefit from NASA satellite observations beyond the lifetime of the modis sensors. the proposed DSS will be tied to the grap and through a Machine Learning algorithm that will be applied in such a way that ozone and pm2.5 CAN be predicted AS a function of tagged co TRACERS representing various emission sectors and regions, which is a computationally efficient approach to track various emission sources and regions. all the new capabilities will be integrated into the aqews dissemination system using the concepts of usable science. the indian and us scientists will closely collaborate to co-design and co-develop the aqews and DSS to build local capacity in both chemical data assimilation and source attribution during the project itself to ensure that these skills CAN be used to develop aqews and DSS for other cities in india BY indian scientists themselves."
2024,CO,CO-05,Terra Ferma Llc,80NSSC24PB964 Modification 0 (Base Record),NSSC - NASA Shared Services Center,"COLORADO SPRINGS, CO (District 05)",08/06/2024,09/03/2024,"Purchase Order, Firm Fixed Price","Small Disadvantaged Business,Small Business - Corporate Entity Not Tax Exempt, Foreign Owned And Located, For Profit Organization, Manufacturer Of Goods, Self Certified Small Disadvantaged Business","$11,196","$11,196",334419,,80NSSC24876053Q,,"12 -  lifimax photonic antenna, 4 -  lifimax usb c dongle, 2 - lifimax ACCESS point controller"
2024,HI,HI-01,University Of Hawaii Systems,80NSSC21K1658 Modification P00003,NSSC - NASA Shared Services Center,"HONOLULU, HI (District 01)",09/10/2024,08/31/2025,"Grant, Grant For Research","Educational - Educational Institution, Native Hawaiian Servicing Institution, State Controlled Institution of Higher Learning, State Government, US Government Entity",$0,$0,[None Indicated],,,,"Modvolc algorithm: NEAR-REAL-time detection, monitoring and quantification of global volcanic eruptions using terra and aqua modis"
2024,IL,IL-13,University Of Illinois,80NSSC24M0067 Modification 0 (Base Record),NSSC - NASA Shared Services Center,"URBANA, IL (District 13)",03/21/2024,02/12/2027, Cooperative Agreement,"Educational - 1862 Land Grant College, Educational Institution, State Controlled Institution of Higher Learning, State Government, US Government Entity","$197,592","$759,756",[None Indicated],,,,A new 22 year earth system data record of cloud top heights and high cloud emissivities from terra modis misr fusion to investigate the climatology and variability of heights and optical properties of two layered cloud systems
2024,IL,IL-13,University Of Illinois,80NSSC24K1607 Modification 0 (Base Record),NSSC - NASA Shared Services Center,"URBANA, IL (District 13)",09/03/2024,08/31/2027,"Grant, Grant For Research","Educational - 1862 Land Grant College, Educational Institution, State Controlled Institution of Higher Learning, State Government, US Government Entity","$50,000","$150,000",[None Indicated],,,,Quantitative evaluation of atmospheric tomography with 3d radiative transfer for advancement in cloud and aerosol retrievals using terra and camp2ex data and in future mission design.
2024,MA,MA-08,University Of Massachusetts,80NSSC21K1906 Modification P00003,NSSC - NASA Shared Services Center,"DORCHESTER, MA (District 08)",08/07/2024,08/19/2025,"Grant, Grant For Research","Educational - Educational Institution, Minority Institution, State Controlled Institution of Higher Learning, State Government, US Government Entity",$0,$0,[None Indicated],,,,Terra reached its 20th year since launch in december 2019 and marked an early birthday BY receiving the prestigious 2019 william T. pecora group award for the mission's outstanding contributions toward understanding the earth through remote sensing.
2024,MA,MA-08,University Of Massachusetts,80NSSC21K1964 Modification P00004,NSSC - NASA Shared Services Center,"DORCHESTER, MA (District 08)",08/07/2024,08/31/2025,"Grant, Grant For Research","Educational - Educational Institution, Minority Institution, State Controlled Institution of Higher Learning, State Government, US Government Entity",$0,$0,[None Indicated],,,,"The suomi-npp and JPSS albedo, brdf and nbar products have been developed to provide long-term climate-quality continuity with the more than two decades of modis products provided BY the terra and aqua missions. land surface albedo is an essential climate variable (ecv), required BY climate, weather, hydrologic, and biogeochemical modelers to quantify the reflective character of land surfaces, and thus estimate the surface radiative forcing. land surface albedo varies widely in space and time, and is dependent on the land cover, vegetation structure, seasonal phenology, vegetation condition and health, snow cover, and disturbance. the VIIRS products, from the suomi-npp and the JPSS (currently NOAA-20) missions, provide daily gridded global estimates of this surface variability AS both standard products and AS LANCE nrt products. in comparisons with tower albedo data from spatially representative sites, they have been shown to capture the rapid daily variations in albedo caused BY ephemeral snowfall and melt, seasonal phenological changes, and disturbance. the intrinsic surface reflectance anisotropy is determined BY fitting bidirectional reflectance distribution function (brdf) models to multi-angle cloud-free satellite reflectance observations of each grid location. these brdf estimates, are then integrated hemispherically over all view and illumination geometries to generate intrinsic white sky albedo (bihemispherical reflectance) and over all view angles at a particular SOLAR zenith angle to generate black sky albedo (directional-hemispherical reflectance at local SOLAR noon). the brdf quantities are also used to correct directional surface reflectances to a common view angle (e.g. the nadir brdf-adjusted surface reflectances (nbar) product) and to estimate measures of surface canopy clumping and structure. the standard VIIRS view-angle-corrected nbar product (provided at local SOLAR noon) are also used to generate downstream VIIRS phenology products, AS well AS to monitor the condition of forests, range lands, agricultural fields, and natural ecosystems, and to assess the impact of natural and man-made disturbances (harvest, development, fire, drought, flooding, storm damage ETC.). the mature and well documented daily global VIIRS albedo, brdf, and nbar products are accompanied BY extensive quality and uncertainty information and these high-quality products are being embraced BY global and regional modeling and monitoring communities to extend the long term record, begun with the modis instruments, into the future. thus, this effort is focused on the continued maintenance of heritage suomi-npp and JPSS VIIRS albedo, brdf and nbar products to provide a consistent climate quality record of the radiative character of the earth s land surfaces."
2024,MA,MA-07,Trustees Of Boston University,80NSSC21K1925 Modification P00003,NSSC - NASA Shared Services Center,"BOSTON, MA (District 07)",08/08/2024,09/30/2025,"Grant, Grant For Research","Educational - Corporate Entity Tax Exempt, Educational Institution, Nonprofit Organization, Private University Or College",$0,$0,[None Indicated],,,,"Terra s primary purpose is to address fundamental questions in earth science AS articulated in the 2014 science plan for NASA s Science Mission Directorate, under the overarching question, how and why are earth s climate and environment changing?"
2024,MA,MA-08,University Of Mass At Boston,80NSSC24K1352 Modification 0 (Base Record),NSSC - NASA Shared Services Center,"DORCHESTER, MA (District 08)",08/29/2024,09/30/2026,"Grant, Grant For Research","Educational - Educational Institution, Minority Institution, State Controlled Institution of Higher Learning, State Government, US Government Entity","$41,177","$99,896",[None Indicated],,,,"Extended maintenance and continuity of the terra/aqua modis albedo, nbar, and brdf algorithm"
2024,MD,MD-04,"University Of Maryland, College Park",80NSSC22K1362 Modification P00002,NSSC - NASA Shared Services Center,"COLLEGE PARK, MD (District 04)",04/05/2024,08/31/2025,"Grant, Grant For Research","Educational - 1862 Land Grant College, Educational Institution, State Controlled Institution of Higher Learning, State Government, US Government Entity","$43,263",$0,[None Indicated],,,,"Nasas land discipline lead team activities ensuring continuity of data records between terra, aqua, suomi-npp, and JPSS."
2024,MD,MD-04,"University Of Maryland, College Park",80NSSC22K0042 Modification P00002,NSSC - NASA Shared Services Center,"COLLEGE PARK, MD (District 04)",07/23/2024,11/30/2024,"Grant, Grant For Research","Educational - 1862 Land Grant College, Educational Institution, State Controlled Institution of Higher Learning, State Government, US Government Entity","$138,956",$0,[None Indicated],,,,"20-mdap20_2-0056, arabia terra layered deposit stratigraphy and distribution: evidence for early martian explosive volcanism?"
2024,MD,MD-04,"University Of Maryland, College Park",80NSSC24K1267 Modification 0 (Base Record),NSSC - NASA Shared Services Center,"COLLEGE PARK, MD (District 04)",08/06/2024,08/04/2027,"Grant, Grant For Research","Educational - 1862 Land Grant College, Educational Institution, State Controlled Institution of Higher Learning, State Government, US Government Entity","$44,057","$262,322",[None Indicated],,,,21-mdap21_2-0047 photogeologic study of noachis terra - crustal evolution and the effects of basin-forming events on early mars
2024,MD,MD-04,"University Of Maryland, College Park",80NSSC24K1267 Modification P00001,NSSC - NASA Shared Services Center,"COLLEGE PARK, MD (District 04)",09/23/2024,08/04/2027,"Grant, Grant For Research","Educational - 1862 Land Grant College, Educational Institution, State Controlled Institution of Higher Learning, State Government, US Government Entity",$0,$0,[None Indicated],,,,21-mdap21_2-0047 photogeologic study of noachis terra - crustal evolution and the effects of basin-forming events on early mars
2024,ME,ME-01,Bigelow Laboratory For Ocean Sciences,80NSSC21K1748 Modification P00003,NSSC - NASA Shared Services Center,"EAST BOOTHBAY, ME (District 01)",12/01/2023,12/08/2024,"Grant, Grant For Research","Non-Profit Institutions - Corporate Entity Tax Exempt, Nonprofit Organization","$157,841",$0,[None Indicated],,,,Particulate inorganic carbon product maintenance for modis aqua and terra
2024,ME,ME-01,Bigelow Laboratory For Ocean Sciences,80NSSC24K1329 Modification 0 (Base Record),NSSC - NASA Shared Services Center,"EAST BOOTHBAY, ME (District 01)",08/20/2024,09/30/2026,"Grant, Grant For Research","Non-Profit Institutions - Corporate Entity Tax Exempt, Nonprofit Organization","$75,464","$204,015",[None Indicated],,,,Modis terra and aqua particulate inorganic carbon algorithm maintenance
2024,MO,MO-01,"Washington University, The",80NSSC22K0200 Modification P00002,NSSC - NASA Shared Services Center,"SAINT LOUIS, MO (District 01)",08/30/2024,10/28/2024,"Grant, Grant For Research","Educational - Corporate Entity Tax Exempt, Educational Institution, Other Not For Profit Organization, Private University Or College","$195,992",$0,[None Indicated],,,,"20-tasnpp20-0074 - leveraging aerosol observations from the terra, aqua, suomi npp, and JPSS series satellite sensors to characterize seasonal and long-term changes in fine Particulate Matter"
2024,MO,MO-01,"Washington University, The",80NSSC22K0200 Modification P00003,NSSC - NASA Shared Services Center,"SAINT LOUIS, MO (District 01)",09/23/2024,10/28/2025,"Grant, Grant For Research","Educational - Corporate Entity Tax Exempt, Educational Institution, Other Not For Profit Organization, Private University Or College",$0,$0,[None Indicated],,,,"20-tasnpp20-0074 - leveraging aerosol observations from the terra, aqua, suomi npp, and JPSS series satellite sensors to characterize seasonal and long-term changes in fine Particulate Matter"
2024,MT,MT-00,University Of Montana,80NSSC21K1924 Modification P00003,NSSC - NASA Shared Services Center,"MISSOULA, MT (District 01)",09/16/2024,09/30/2025,"Grant, Grant For Research","Educational - Educational Institution, State Controlled Institution of Higher Learning, State Government, US Government Entity",$0,$0,[None Indicated],,,,"Providing continuity for the modis mod17 land gross primary production, NET primary.production and MOD 16 evapotranspiration datasets on terra and aqua"
2024,NJ,NJ-08,Terra Research Inc,80NSSC20M0207 Modification P00005,NSSC - NASA Shared Services Center,"HOBOKEN, NJ (District 08)",07/05/2024,07/26/2025, Cooperative Agreement,"Small Business ONLY - Corporate Entity Not Tax Exempt, For Profit Organization",$0,$0,[None Indicated],,,,"We have recently demonstrated in peer-reviewed publications how polarimetry CAN deliver measurements of the ocean surface refractive index. the method exploited observations from the NASA GISS research scanning polarimeter (rsp) within the sunglint region, where the degree of linear polarization is determined BY the fundamental fresnel laws of specular reflection, regardless of the windspeed. at short-wave infrared wavelength, essentially unaffected BY atmospheric scattering,"
2024,NJ,NJ-08,Terra Research Inc,80NSSC24K1564 Modification 0 (Base Record),NSSC - NASA Shared Services Center,"HOBOKEN, NJ (District 08)",08/27/2024,07/23/2027,"Grant, Grant For Research","Other Than Small Business - Corporate Entity Not Tax Exempt, For Profit Organization","$145,055","$466,307",[None Indicated],,,,Polarimetric retrievals of surface and aerosol parameters in polar regions from PACE multi-sensor observations
2024,NJ,NJ-08,Terra Research Inc,80NSSC24K1724 Modification 0 (Base Record),NSSC - NASA Shared Services Center,"HOBOKEN, NJ (District 08)",09/11/2024,05/28/2028,"Grant, Grant For Research","Other Than Small Business - Corporate Entity Not Tax Exempt, For Profit Organization","$33,079","$102,245",[None Indicated],,,,Research scanning polarimeter team support for the arcsix mission
2024,NY,NY-13,"Trustees Of Columbia University In The City Of New York, The",80NSSC21K1966 Modification P00004,NSSC - NASA Shared Services Center,"NEW YORK, NY (District 13)",01/04/2024,08/31/2024,"Grant, Grant For Research","Educational - Corporate Entity Tax Exempt, Educational Institution, Nonprofit Organization, Private University Or College","$140,310",$0,[None Indicated],,,,A terra aqua suomi npp survey of environmental cloud controlling factors and associated uncertainties for the extratropical oceans
2024,NY,NY-13,"Trustees Of Columbia University In The City Of New York, The",80NSSC19K1348 Modification P00004,NSSC - NASA Shared Services Center,"NEW YORK, NY (District 13)",07/05/2024,08/31/2023,"Grant, Grant For Research","Educational - Corporate Entity Tax Exempt, Educational Institution, Nonprofit Organization, Private University Or College","$-1,644","$-1,644",[None Indicated],,,,"19-earth19-0188-integration of satellite and in-situ observations to investigate the evolution of high salinity shelf water in the terra nova bay polynya, antarctica(student: una miller)"
2024,NY,NY-13,"Trustees Of Columbia University In The City Of New York, The",80NSSC21K1966 Modification P00005,NSSC - NASA Shared Services Center,"NEW YORK, NY (District 13)",07/30/2024,08/31/2025,"Grant, Grant For Research","Educational - Corporate Entity Tax Exempt, Educational Institution, Nonprofit Organization, Private University Or College",$0,$0,[None Indicated],,,,A terra aqua suomi npp survey of environmental cloud controlling factors and associated uncertainties for the extratropical oceans
2024,NY,NY-19,Cornell University,80NSSC22K1838 Modification P00004,NSSC - NASA Shared Services Center,"ITHACA, NY (District 19)",09/05/2024,08/28/2025,"Grant, Grant For Research","Educational - 1862 Land Grant College, Corporate Entity Tax Exempt, Educational Institution, Nonprofit Organization, Private University Or College, Veterinary College","$139,180",$0,[None Indicated],,,,"Firstly, we will analyze the response in NASA satellite observations, including TRMM/GPM measurements of precipitation, SMAP/ amsr-e/aquarius retrievals of soil moisture, and terra/modis observations of snow cover and snowpack. where possible we will use merged datasets extending back to 2000 to identify any stratospheric signals the record INCLUDES 14 ssws. on this basis we will assess the reliability of longer-term reconstructions from several modern reanalysis products. secondly, we will exploit a new database of s2s forecasts generated BY the snapsi project, LED BY PI hitchcock. targeting three recent stratospheric events, this model intercomparison project will produce ensemble forecasts from 11 s2s models with a more complete set of output data than is available from existing subx and s2s databases. the experimental design INCLUDES a nudging component that has successfully isolated ssw responses in previous studies. the database will enable us to identify determinants of subseasonal skill in these CASE studies. thirdly we will carry out new s2s experiments using the geos-s2s forecast system. this will allow us to explicitly test hypothesized mechanisms and evaluate the skill of the geos-s2s model relative to other s2s models. the work proposed here will exploit NASA satellite observations to make novel and substantial contributions to our understanding of the potential skill in subseasonal forecasts of precipitation, snowpack and soil moisture arising from ssws. the use of a multimodel database of s2s forecasts, validated BY recent and novel observations from NASA satellites will allow us to quantify the mechanisms underlying this skill and identify processes that lead to predictability in land surface variables. finally, the use of targeted experiments with geos-s2s will allow us to verify, evaluate, and validate these mechanisms in the NASA subseasonal modeling system. the project team is uniquely positioned to successfully carry out this research, combining expertise on atmospheric dynamics, hydrometeorology and subseasonal prediction. the project will benefit the scientific community through a better understanding of how forecasts of opportunities from ssw events cascade into land surface variables, and the general public BY describing pathways BY which these forecast opportunities CAN result in actionable information on subseasonal time scales."
2024,OR,OR-06,A-Terra Llc,80NSSC23CA071 Modification P00001,NSSC - NASA Shared Services Center,"KEIZER, OR (District 06)",11/07/2023,06/05/2025,"Definitive Contract, Firm Fixed Price","Small Disadvantaged Business,Woman Owned Small Business,Small Business Innovative Research,Small Business - For Profit Organization, Limited Liability Corporation, Self Certified Small Disadvantaged Business, Sole Proprietorship, Women Owned, Women Owned Small Business",$0,$0,541715,,,,SBIR phase II high purity oxygen separation from a pyrolysis gas mixture BY rapid solid oxide iontransport
2024,RI,RI-01,Brown University,80NSSC22K0620 Modification P00003,NSSC - NASA Shared Services Center,"PROVIDENCE, RI (District 01)",03/29/2024,02/08/2025,"Grant, Grant For Research","Educational - Corporate Entity Tax Exempt, Educational Institution, Nonprofit Organization, Private University Or College","$206,377","$11,452",[None Indicated],,,,A new sea ice drift product for terra and aqua modis remote sensing imagery
2024,VA,VA-03,Cornell Technical Services Llc,80LARC21F0154 Modification P00003,LaRC - Langley Research Center,"HAMPTON, VA (District 03)",01/03/2024,09/30/2023,"Delivery Order, Cost Plus Fixed Fee","Small Business ONLY - For Profit Organization, Limited Liability Corporation, Partnership Or Limited Liability Partnership","$-63,523",$0,541715,,,,Post terra/aqua/aura architecture Independent Review Board support
2024,VA,VA-08,Smithsonian Institution,80NSSC20K0551 Modification P00005,NSSC - NASA Shared Services Center,"ARLINGTON, VA (District 08)",06/25/2024,06/30/2025,"Grant, Grant For Research","Non-Profit Institutions - Corporate Entity Tax Exempt, Nonprofit Organization",$0,$0,[None Indicated],,,,"19-pdart19_2-0079, preparing a geologic map in margaritifer terra: a community resource to facilitate future scientific investigations on mars"
2024,VA,VA-03,Pro-Line Procurement Services Llc,80NSSC24PB548 Modification 0 (Base Record),NSSC - NASA Shared Services Center,"HAMPTON, VA (District 03)",06/28/2024,08/09/2024,"Purchase Order, Firm Fixed Price","Veteran Owned Small Business,Small Disadvantaged Business,Small Business - Black American Owned Business, For Profit Organization, Limited Liability Corporation, Sole Proprietorship","$32,684","$32,684",332312,,80NSSC24869939Q,,LARC terra universal purge cabinet
2024,WI,WI-02,University Of Wisconsin System,80NSSC21K1967 Modification P00003,NSSC - NASA Shared Services Center,"MADISON, WI (District 02)",08/23/2024,08/31/2025,"Grant, Grant For Research","Educational - 1862 Land Grant College, Educational Institution, State Controlled Institution of Higher Learning, State Government, US Government Entity","$60,000",$0,[None Indicated],,,,"20-tasnpp20-0047, the DYNAMIC habitat indices from terra, aqua, suomi npp and JPSS data for biodiversity science and conservation"
2023,AK,AK-00,University Of Alaska Fairbanks,80NSSC19K1236 Modification P00006,NSSC - NASA Shared Services Center,"FAIRBANKS, AK (District 00)",02/07/2023,06/25/2023,"Grant, Grant For Research","Educational - 1862 Land Grant College, Educational Institution, State Government, US Government Entity","$15,101",$0,[None Indicated],,,,"The dangers that volcanic ash clouds pose on inflight air traffic safety CAN lead to prolonged flight cancellations that have a ripple effect on the airline industry s economy and personal travel. low latency satellite observations provide crucial information for rerouting air traffic around volcanic clouds. under our previous applied sciences program project we have established partnership between the geographic information network of alaska (gina/uaf), NASA direct readout laboratory (drl), NASA ozone processing team, and finnish meteorological institute (fmi) to locally process UV-based direct-readout (dr) satellite volcanic ash and so2 data for distribution to users including USGS alaska volcano observatory (avo), european support to aviation control service (sacs), eumetcast, AS well AS their operational users. the UV-based monitoring is unavailable at night or under low-light conditions, and the users have requested that we EXPAND the dr monitoring capabilities to better serve the ever-increasing number of flights that operate at night or fly over polar regions. here, we propose to address this critical need BY developing dr volcanic ash and so2 products based on the thermal infrared (tir) data acquired BY the modis instruments aboard the EOS terra and aqua platforms, and VIIRS instruments aboard the NASA/NOAA suomi-npp and noaa20 platforms. we will work with the direct readout laboratory (drl) at GSFC to integrate the tir-based so2 retrieval procedures developed at JPL into the international polar orbiter processing package (ipopp) environment. the new ipopp software will be installed at gina and fmi-sodankyla tracking stations for processing modis and VIIRS dr imagery of the north pacific, alaska, north atlantic, iceland, and kamchatka. these new tir products, with nadir spatial resolutions of 1 km (modis) and 750 m (VIIRS), will complement the existing UV-based products from the ozone measuring instrument (omi), (~20 km on the aura platform) and ozone mapping and profiling suite (OMPS) (~50 km on snpp and ~17km on noaa20 platform) BY providing night-time coverage, augmenting low-light coverage, and resolving the so2 emissions from individual volcanic vents. we will also critically improve and extend our dr-UV products to monitor SMOKE plumes from forest fires."
2023,AK,AK-00,University Of Alaska Fairbanks,80NSSC19K1236 Modification P00007,NSSC - NASA Shared Services Center,"FAIRBANKS, AK (District 00)",05/04/2023,07/08/2023,"Grant, Grant For Research","Educational - 1862 Land Grant College, Educational Institution, State Government, US Government Entity",$0,$0,[None Indicated],,,,"The dangers that volcanic ash clouds pose on inflight air traffic safety CAN lead to prolonged flight cancellations that have a ripple effect on the airline industry s economy and personal travel. low latency satellite observations provide crucial information for rerouting air traffic around volcanic clouds. under our previous applied sciences program project we have established partnership between the geographic information network of alaska (gina/uaf), NASA direct readout laboratory (drl), NASA ozone processing team, and finnish meteorological institute (fmi) to locally process UV-based direct-readout (dr) satellite volcanic ash and so2 data for distribution to users including USGS alaska volcano observatory (avo), european support to aviation control service (sacs), eumetcast, AS well AS their operational users. the UV-based monitoring is unavailable at night or under low-light conditions, and the users have requested that we EXPAND the dr monitoring capabilities to better serve the ever-increasing number of flights that operate at night or fly over polar regions. here, we propose to address this critical need BY developing dr volcanic ash and so2 products based on the thermal infrared (tir) data acquired BY the modis instruments aboard the EOS terra and aqua platforms, and VIIRS instruments aboard the NASA/NOAA suomi-npp and noaa20 platforms. we will work with the direct readout laboratory (drl) at GSFC to integrate the tir-based so2 retrieval procedures developed at JPL into the international polar orbiter processing package (ipopp) environment. the new ipopp software will be installed at gina and fmi-sodankyla tracking stations for processing modis and VIIRS dr imagery of the north pacific, alaska, north atlantic, iceland, and kamchatka. these new tir products, with nadir spatial resolutions of 1 km (modis) and 750 m (VIIRS), will complement the existing UV-based products from the ozone measuring instrument (omi), (~20 km on the aura platform) and ozone mapping and profiling suite (OMPS) (~50 km on snpp and ~17km on noaa20 platform) BY providing night-time coverage, augmenting low-light coverage, and resolving the so2 emissions from individual volcanic vents. we will also critically improve and extend our dr-UV products to monitor SMOKE plumes from forest fires."
2023,AZ,AZ-07,Planetary Science Institute,80NSSC19K1490 Modification P00003,NSSC - NASA Shared Services Center,"TUCSON, AZ (District 07)",08/24/2023,08/12/2023,"Grant, Grant For Research","Non-Profit Institutions - Corporate Entity Tax Exempt, Nonprofit Organization","$138,108",$0,[None Indicated],,,,"18-mdap18_2-0074 geologic map of southern circum-chryse and margaritifer terra, mars"
2023,AZ,AZ-07,Planetary Science Institute,80NSSC19K1490 Modification P00004,NSSC - NASA Shared Services Center,"TUCSON, AZ (District 07)",08/29/2023,08/12/2024,"Grant, Grant For Research","Non-Profit Institutions - Corporate Entity Tax Exempt, Nonprofit Organization",$0,$0,[None Indicated],,,,"Geologic map of southern circum-chryse and margaritifer terra, mars"
2023,AZ,AZ-07,University Of Arizona,80NSSC21K1749 Modification P00002,NSSC - NASA Shared Services Center,"TUCSON, AZ (District 07)",09/12/2023,08/02/2024,"Grant, Grant For Research","Educational - 1862 Land Grant College, Educational Institution, Hispanic Servicing Institution, State Controlled Institution of Higher Learning, State Government, US Government Entity","$102,102",$0,[None Indicated],,,,Validation of aqua and terra surface reflectance products using the automated radiometric calibration test site (radcats)
2023,CA,CA-50,"University Of California, San Diego",80NSSC21K0700 Modification P00003,NSSC - NASA Shared Services Center,"LA JOLLA, CA (District 50)",08/21/2023,04/14/2024,"Grant, Grant For Research","Educational - 1862 Land Grant College, Corporate Entity Tax Exempt, Educational Institution, Other Not For Profit Organization","$109,679",$0,[None Indicated],,,,Maintenance of modis algorithms to estimate particulate organic carbon concentration in the surface ocean for the aqua and terra satellite missions
2023,CA,CA-46,"Terra Universal, Inc.",80NSSC23PC301 Modification 0 (Base Record),NSSC - NASA Shared Services Center,"FULLERTON, CA (District 46)",08/25/2023,09/25/2023,"Purchase Order, Firm Fixed Price","Small Business ONLY - Corporate Entity Not Tax Exempt, For Profit Organization","$17,156","$17,156",332312,,80NSSC23846384Q,,Cleanroom tent
2023,CO,CO-02,University Corporation For Atmospheric Research,80NSSC18K0687 Modification P00006,NSSC - NASA Shared Services Center,"BOULDER, CO (District 02)",03/07/2023,03/22/2022,"Grant, Grant For Research","Non-Profit Institutions - Corporate Entity Tax Exempt, Nonprofit Organization","$-4,011","$-4,011",[None Indicated],,,,"Carbon monoxide (co) plays a key role in atmospheric chemistry and climate AS a precursor to ozone and carbon dioxide. co is emitted directly BY incomplete combustion processes, both anthropogenic and natural, and indirectly BY secondary chemical production from hydrocarbon emissions. the primary destruction of co is through reactions with oh that affect the oxidizing capacity of the troposphere and consequently the lifetime of methane. accounting for these effects, emissions of co have a significant indirect radiative forcing of 0.23 w/m2 (ipcc ar5). furthermore, co plays a useful role AS a tracer of long range transport from pollution sources such AS urban areas and large scale biomass burning, due to its lifetime of 1-2 months. co observations are used to understand combustion efficiency, when measured with co2 and nox, and fire pollutant emissions are often listed AS ratios with respect to co emissions. decadal scale records of global co observations from space are therefore critical for evaluating chemistry/ climate model emissions, transport and chemical mechanisms and attributing changes in co due to climate variability vs. sustained reduction or growth in anthropogenic emissions. the NASA terra/mopitt (measurements of pollution in the troposphere) instrument, launched in december, 1999 and still operating, provides the longest satellite co data record available and now spans several enso (el nino/southern oscillation) cycles making it invaluable for investigating climate variability in tropospheric composition. mopitt also provides the only satellite measurements of co absorption in both the thermal and NEAR-infrared (tir and nir). the snpp/cris (cross-track infrared sounder), launched in 2011, measures co from tir absorption. snpp/cris and the planned cris instruments on JPSS (Joint Polar Satellite System) satellite missions have the potential to extend the mopitt global co record into the next 2 decades. we propose to facilitate a merged mopitt/cris co data record BY using a consistent retrieval approach and characterizing mopitt/cris biases due to instrument and sampling differences. this effort builds on a NASA-ROSES 2013 a.29 snpp project LED BY AER (atmospheric and environmental research) to apply the mopitt optimal estimation retrieval approach to cris spectra and deliver input files, algorithms and atbd to the JPL (Jet Propulsion Laboratory) snpp-sounder SIPS (science investigator-LED processing system) for developing and testing operational retrievals. our proposed effort here will validate operational cris co products from the SIPS with independent co measurements, both in situ and remotely sensed, and characterize retrieval errors due to the forward model assumptions such AS water vapor abundance. we will also investigate global and regional decadal scale trends in co. data assimilation of both mopitt and cris co in the ncar community atmosphere model with chemistry (cam-chem) will be used for understanding the chemical effects of changing co AS well AS providing a means, i.e. transfer function, to compare with surface co observations. finally, assuming the successful 2017 launch of ESA-s5p/tropomi (tropospheric monitoring instrument), which will fly in loose formation with snpp, we will pursue multispectral co retrievals using cris tir (4.6 micron) and tropomi nir (2.3 micron) spectral radiances to extend the unique multispectral co record of mopitt."
2023,CO,CO-05,Terra Ferma,80NSSC23PB729 Modification 0 (Base Record),NSSC - NASA Shared Services Center,"COLORADO SPRINGS, CO (District 05)",06/30/2023,07/28/2023,"Purchase Order, Firm Fixed Price","Veteran Owned Small Business,Service Disabled Veteran Owned Small Business,Small Disadvantaged Business,Small Business - Corporate Entity Not Tax Exempt, For Profit Organization, Limited Liability Corporation, Self Certified Small Disadvantaged Business, Service Related Disabled Veteran Owned Business","$15,104","$15,104",334220,,,,Lifimax compartment kit - (1) ACCESS point controller / (2) photonic antenna / (2) usb dongle
2023,FL,FL-27,University Of Miami,80NSSC21K1514 Modification P00003,NSSC - NASA Shared Services Center,"KEY BISCAYNE, FL (District 27)",09/22/2023,08/31/2024,"Grant, Grant For Research","Educational - Corporate Entity Tax Exempt, Educational Institution, Nonprofit Organization, Private University Or College","$300,885",$0,[None Indicated],,,,SST from modis on terra and aqua
2023,HI,HI-01,University Of Hawaii Systems,80NSSC18K1310 Modification P00006,NSSC - NASA Shared Services Center,"HONOLULU, HI (District 01)",12/20/2022,06/28/2021,"Grant, Grant For Research","Educational - Educational Institution, Native Hawaiian Servicing Institution, State Controlled Institution of Higher Learning, State Government, US Government Entity",$-54,$-54,[None Indicated],,,,"It is a stated AIM of NASA to i) answer the question how DO magmatic systems evolve, under what conditions DO volcanoes erupt, and how DO eruptions and volcano hazards develop?, and II) to improve our ability to forecast the behavior of earth's volcanoes using remote sensing data, such that we might mitigate their effects on society. the proposed work will support these goals. 1. we will produce a 30 year global measurement record of volcanic thermal unrest, BY integrating low and high spatial resolution measurements. we will improve the sensitivity of the current modvolc algorithm, to allow lower intensity thermal emission, the kind of unrest that precedes eruption, to be quantified for earths volcanoes. we will implement the new algorithm on the npp VIIRS data stream, to increase the temporal frequency with which this thermal unrest CAN be measured, and to ensure continuity of global volcano monitoring from the EOS into the JPSS eras. we will exploit the historical global avhrr data archive, extending our global thermal emission times-series back to 1986. we will quantify thermal emission from all earths active volcanoes using high resolution landsat (TM, ETM, and tirs) and terra ASTER data, back to 1984. this high resolution record will allow us to quantify low intensity (e.g., hydrothermal) volcanic activity that falls below the detection limit of modis-VIIRS-avhrr, thus providing a more complete measurement record of thermal unrest during periods of repose. this will also allow us to calibrate the low spatial resolution (but high temporal resolution) time-series. 2. all of these products will be made available to the community at http://modis.higp.hawaii.edu 3. predicting the evolution of the intensity of an eruption once it has begun has proven harder than detecting unrest associated with eruption onset. we will use deep learning techniques to analyze the 30 year archive we will develop to determine whether escalations, de-escalations and cessations of thermal emission and unrest CAN be predicted, and with what uncertainty. 4. key parameters in DYNAMIC forecast models include the location, composition, and volatile content of the magma AS well AS mass fluxes of magma and gases. the change in lava effusion rate during an eruption (decay constant) is related to pressure re-equilibration in the chamber, and the NET rate of outflow and recharge. we will analyze a comprehensive global multi-decadal data set of i) lava effusion rates for all effusive eruptions in the 30 year time-series, and II) the decay constants associated with these lava mass fluxes, to determine how information extracted from satellite-derived effusion rate measurements CAN be related to magma supply conditions."
2023,HI,HI-01,University Of Hawaii Systems,80NSSC21K1658 Modification P00002,NSSC - NASA Shared Services Center,"HONOLULU, HI (District 01)",09/21/2023,08/31/2024,"Grant, Grant For Research","Educational - Educational Institution, Native Hawaiian Servicing Institution, State Controlled Institution of Higher Learning, State Government, US Government Entity","$70,705",$0,[None Indicated],,,,"Modvolc algorithm: NEAR-REAL-time detection, monitoring and quantification of global volcanic eruptions using terra and aqua modis."
2023,IL,IL-13,University Of Illinois,NNX16AM07A Modification 9,NSSC - NASA Shared Services Center,"URBANA, IL (District 13)",05/09/2023,05/19/2022, Cooperative Agreement,"Educational - 1862 Land Grant College, Educational Institution, State Controlled Institution of Higher Learning, State Government, US Government Entity",$0,$0,[None Indicated],80-0120,,,"Terra is the flagship of nasas earth observing system. launched in 1999, terras five instruments continue to gather data that enable scientists to address fundamental questions that are central to the six NASA earth science research focus areas. it"
2023,MA,MA-07,Trustees Of Boston University,80NSSC18K0744 Modification P00004,NSSC - NASA Shared Services Center,"BOSTON, MA (District 07)",05/02/2023,04/04/2022,"Grant, Grant For Research","Educational - Corporate Entity Tax Exempt, Educational Institution, Nonprofit Organization, Private University Or College",$-58,$-58,[None Indicated],,,,"Leaf area index (lai) and fraction of vegetation-absorbed photosynthetically active radiation (fpar) characterize vegetation functioning. they remain one of the most popular of all the modis land products according to the lp DAAC and web of science statistics the user community INCLUDES scientific (modelers of climate, carbon cycle, ecology, hydrology, crop production ETC.), public (meteorological organizations, deforestation, drought and desertification monitoring organizations, rapid response systems, pest risk evaluation companies, ngos and governments ETC.) and private (international agriculture, forestry & insurance companies, traders ETC.) organizations. lai and fpar have been generated from both terra and aqua modis instrument data, starting from their respective launches, with a custom physics-based algorithm that has been refined for each successive collection. the current version products are of research-quality and have been validated (stage-2 for lai and stage-1 for fpar). all activities related to algorithm development, refinement, implementation, product assessment, validation, quality control and scientific applications have been published in over 50 peer-refereed journal publications over the past 2 decades. the objective of this statement-of-work is continued maintenance and assessment of lai and fpar products generated from the terra and aqua modis instrument data during the fy2018- 2020 period. this is met through these activities: (1) quality assessment of the products, (2) evaluation of impact of any changes in instrument performance (or, upstream algorithm changes) on the products, (3) assisting in user inquiries, (4) interfacing with edc lp DAAC, (5) participation in any planned re-processing activities, (5) participating and leading in scientific activities related to product evaluation, inter-comparison and application studies, (6) community building, support and outreach, (7) updating documentation and (8) participation in modis science team activities. the end goal is to assure continued research quality of these products."
2023,MA,MA-08,University Of Massachusetts,80NSSC21K1906 Modification P00002,NSSC - NASA Shared Services Center,"DORCHESTER, MA (District 08)",09/07/2023,08/19/2023,"Grant, Grant For Research","Educational - Educational Institution, Minority Institution, State Controlled Institution of Higher Learning, State Government, US Government Entity","$95,994",$0,[None Indicated],,,,"Competed, continued maintenance of the terra/aqua modis albedo, nbar, and brdf product"
2023,MA,MA-07,Trustees Of Boston University,80NSSC21K1925 Modification P00002,NSSC - NASA Shared Services Center,"BOSTON, MA (District 07)",09/14/2023,09/30/2024,"Grant, Grant For Research","Educational - Corporate Entity Tax Exempt, Educational Institution, Nonprofit Organization, Private University Or College","$123,202",$0,[None Indicated],,,,Maintenance and assessment of terra and aqua modis lai and fpar products
2023,MD,MD-05,"Science Systems And Applications, Inc.",80NSSC18K1690 Modification P00005,NSSC - NASA Shared Services Center,"LANHAM, MD (District 05)",12/13/2022,03/31/2023,"Grant, Grant For Research","Small Disadvantaged Business,Small Business - Corporate Entity Not Tax Exempt, For Profit Organization, Subchapter S Corporation, Sub Continent Asian American Owned Business",$0,$0,[None Indicated],,,,Refinement and enhancement of the terra and aqua modis and suomi npp VIIRS cryospheric algorithms and data products
2023,MD,MD-05,"Science Systems And Applications, Inc.",80NSSC18K1690 Modification P00006,NSSC - NASA Shared Services Center,"LANHAM, MD (District 05)",12/13/2022,03/31/2023,"Grant, Grant For Research","Small Disadvantaged Business,Small Business - Corporate Entity Not Tax Exempt, For Profit Organization, Subchapter S Corporation, Sub Continent Asian American Owned Business","$-5,982","$-5,982",[None Indicated],,,,Refinement and enhancement of the terra and aqua modis and suomi npp VIIRS cryospheric algorithms and data products
2023,MD,MD-04,"University Of Maryland, College Park",80NSSC22K1362 Modification P00001,NSSC - NASA Shared Services Center,"COLLEGE PARK, MD (District 04)",05/18/2023,08/31/2025,"Grant, Grant For Research","Educational - 1862 Land Grant College, Educational Institution, State Controlled Institution of Higher Learning, State Government, US Government Entity",$0,"$-115,188",[None Indicated],,,,"NASA's land discipline lead team activities: ensuring continuity of data records between terra, aqua, suomi-npp, and JPSS"
2023,MD,MD-04,"University Of Maryland, College Park",80NSSC22K0042 Modification P00001,NSSC - NASA Shared Services Center,"COLLEGE PARK, MD (District 04)",09/12/2023,11/30/2024,"Grant, Grant For Research","Educational - 1862 Land Grant College, Educational Institution, State Controlled Institution of Higher Learning, State Government, US Government Entity","$135,410",$0,[None Indicated],,,,"20-mdap20_2-0056, arabia terra layered deposit stratigraphy and distribution: evidence for early martian explosive volcanism?"
2023,MO,MO-01,"Washington University, The",80NSSC22K0200 Modification P00001,NSSC - NASA Shared Services Center,"SAINT LOUIS, MO (District 01)",07/27/2023,10/28/2024,"Grant, Grant For Research","Educational - Corporate Entity Tax Exempt, Educational Institution, Other Not For Profit Organization, Private University Or College","$170,377",$0,[None Indicated],,,,"20-tasnpp20-0074 - leveraging aerosol observations from the terra, aqua, suomi npp, and JPSS series satellite sensors to characterize seasonal and long-term changes in fine Particulate Matter"
2023,MT,MT-00,University Of Montana,80NSSC21K1924 Modification P00002,NSSC - NASA Shared Services Center,"MISSOULA, MT (District 01)",09/19/2023,09/30/2024,"Grant, Grant For Research","Educational - Educational Institution, State Controlled Institution of Higher Learning, State Government, US Government Entity","$165,533",$0,[None Indicated],,,,"Providing continuity for the modis MOD 17 land gross primary production, NET primary production and MOD 16 evapotranspiration datasets on terra and aqua"
2023,NJ,NJ-08,Terra Research Inc,80NSSC21K0569 Modification P00003,NSSC - NASA Shared Services Center,"HOBOKEN, NJ (District 08)",04/25/2023,05/31/2023,"Grant, Grant For Research","Other Than Small Business - Corporate Entity Not Tax Exempt, For Profit Organization","$54,115","$2,000",[None Indicated],,,,Advanced retrievals of climatologically-relevant properties in polar regions through a novel fusion of.multi-platform satellite observations
2023,NJ,NJ-08,Terra Research Inc,80NSSC21K0569 Modification P00004,NSSC - NASA Shared Services Center,"HOBOKEN, NJ (District 08)",05/18/2023,05/31/2024,"Grant, Grant For Research","Other Than Small Business - Corporate Entity Not Tax Exempt, For Profit Organization",$0,$0,[None Indicated],,,,18-rst18-0128advanced retrievals of climatologically-relevant properties in polar regions through a novel fusion of multi-platform satellite observations
2023,NJ,NJ-08,Terra Research Inc,80NSSC20M0207 Modification P00004,NSSC - NASA Shared Services Center,"HOBOKEN, NJ (District 08)",07/06/2023,07/26/2024, Cooperative Agreement,"Small Business ONLY - Corporate Entity Not Tax Exempt, For Profit Organization",$0,$0,[None Indicated],,,,Remote sensing of the ocean surface refractive index and oil spill detection for the PACE mission
2023,NJ,NJ-08,Terra Research Inc,80NSSC20K1523 Modification P00003,NSSC - NASA Shared Services Center,"HOBOKEN, NJ (District 08)",08/21/2023,07/29/2024,"Grant, Grant For Research","Small Business ONLY - Corporate Entity Not Tax Exempt, For Profit Organization","$19,309",$0,[None Indicated],,,,"19-ids19-0059, using satellite observations and climate modeling to study the interactions of sea ice, atmosphere and radiation"
2023,NY,NY-13,"Trustees Of Columbia University In The City Of New York, The",80NSSC21K1966 Modification P00002,NSSC - NASA Shared Services Center,"NEW YORK, NY (District 13)",10/29/2022,08/31/2024,"Grant, Grant For Research","Educational - Corporate Entity Tax Exempt, Educational Institution, Nonprofit Organization, Private University Or College","$35,320",$0,[None Indicated],,,,A terra-aqua-suomi-npp survey of environmental cloud controlling factors and associated uncertainties for the extratropical oceans
2023,NY,NY-20,"Research Foundation For The State University Of New York, The",80NSSC22K0319 Modification P00001,NSSC - NASA Shared Services Center,"ALBANY, NY (District 20)",03/24/2023,12/06/2024,"Grant, Grant For Research","Non-Profit Institutions - Corporate Entity Tax Exempt, Nonprofit Organization","$246,520",$0,[None Indicated],,,,"Recent recognition that land-atmosphere interactions constitute one of the greatest sources of climate uncertainty at 7-30 day timescales has pushed land-atmosphere interactions research to the forefront of earth system model development. climate modelprojected warming and drying trends in many midlatitude land regions underscore the pressing need to better understand the potential contributing role of land atmosphere interactions to these trends. for example, it is critical to understand the sensitivity of land  atmosphere coupling to potential future changes in: landcover and growing season length, temperature and humidity, precipitation and evaporation, and atmospheric circulations. however, limited long-term observational data records of land atmosphere coupling across diverse climate zones limits the extent to which climate model coupled process parameterization may be constrained. we propose to demonstrate that the long-term, integrated multi-satellite, multi-sensor satellite records of NASA s terra, aqua, suomi npp, and NOAA-20 CAN address this data gap through their use in quantification and process attribution of historical land atmosphere coupling variability and trends. the proposed project will address the following specific questions: 1. what is the regional frequency and subseasonal to interannual variability of locally-forced weather events across midlatitudes? 2. to what extent is the frequency of locally-forced weather explained BY vegetation and seasonality? 3. to what extent is land atmosphere coupling strength explained BY weather regime sequencing? 4. how has locally-forced weather contributed to hydroclimate and the evolution of past droughts? 5. how well DO conclusions based on temporally coarse but spatially extensive satellite-based data compare with conclusions supported only BY regional in situ surface-based point observations? the project design is two-pronged with a regional in situ data track and a global satellite data track. the satellite track begins with production of a FIRST-of-its-kind Atmospheric Infrared Sounder (AIRS)-era (2002-2019) 1x1 degree daily reanalysis of midlatitude land-atmosphere coupling, which is subsequently used in a series of increasingly finer time resolution studies, from all-season (year 1) to seasonal (year 2), to 3 7 day synoptic event (year 3) bases. BY contrast, the in situ studies cover all three analysis time scales for a given land-atmosphere coupling hot spot during each project year. in these hotspots, modeling studies have indicated an outsized impact of soil moisture realism on subseasonal temperature and precipitation prediction. the diverse ecosystems and hydroclimates of the hot spots affects land atmosphere coupling variability, and potentially, its detectability from the coarse satellite sensors. BY design, the hot spots are studied in order of decreasing data availability: u.s. GREAT plains, eastern u.s. forests, and south american pampas. accordingly, the in situ data track serves AS a key source of project risk mitigation to the extent that it helps to define minimum satellite data requirements (i.e., observations and temporal sampling) for detecting land-atmosphere coupling variability in different regions. pending the success of our AIRS-era analyses, we will pursue an extension of the satellite track studies back to 1983 using hirs (high-resolution infrared radiation sounder) and other complimentary sensor records. the novel interdisciplinary approaches and datasets of this work will pave the way for accelerated application of NASA satellite data in studies of land atmosphere interaction, refinement of coupled land atmospheric process representation in models, and ultimately, improved weather and climate prediction."
2023,NY,NY-13,"Trustees Of Columbia University In The City Of New York, The",80NSSC21K1966 Modification P00003,NSSC - NASA Shared Services Center,"NEW YORK, NY (District 13)",08/31/2023,08/31/2024,"Grant, Grant For Research","Educational - Corporate Entity Tax Exempt, Educational Institution, Nonprofit Organization, Private University Or College","$19,426",$0,[None Indicated],,,,A terra-aqua-suomi-npp survey of environmental cloud controlling factors and associated uncertainties for the extratropical oceans
2023,OR,OR-06,A-Terra Llc,80NSSC23CA071 Modification 0 (Base Record),NSSC - NASA Shared Services Center,"KEIZER, OR (District 06)",06/06/2023,06/05/2025,"Definitive Contract, Firm Fixed Price","Small Disadvantaged Business,Woman Owned Small Business,Small Business Innovative Research,Small Business - For Profit Organization, Limited Liability Corporation, Self Certified Small Disadvantaged Business, Sole Proprietorship, Women Owned, Women Owned Small Business","$900,000","$900,000",541715,,,,SBIR phase II high purity oxygen separation from a pyrolysis gas mixture BY rapid solid oxide iontransport
2023,RI,RI-01,Brown University,80NSSC22K0620 Modification P00002,NSSC - NASA Shared Services Center,"PROVIDENCE, RI (District 01)",09/01/2023,02/08/2025,"Grant, Grant For Research","Educational - Corporate Entity Tax Exempt, Educational Institution, Nonprofit Organization, Private University Or College","$30,547",$0,[None Indicated],,,,A new sea ice drift product for terra and aqua modis remote sensing imagery
2023,TX,TX-38,Repss Inc,80NSSC23PA647 Modification 0 (Base Record),NSSC - NASA Shared Services Center,"HOUSTON, TX (District 38)",03/03/2023,03/31/2023,"Purchase Order, Firm Fixed Price","Small Business ONLY - Corporate Entity Not Tax Exempt, For Profit Organization","$14,547","$14,547",334513,,,,Purchase software items for use with the gasmet 5000 terra ftir gas analyzer.
2023,VA,VA-08,Smithsonian Institution,80NSSC17K0533 Modification P00005,NSSC - NASA Shared Services Center,"ARLINGTON, VA (District 08)",12/20/2022,08/14/2022,"Grant, Grant For Research","Non-Profit Institutions - Corporate Entity Tax Exempt, Nonprofit Organization","$-1,155","$-1,155",[None Indicated],,,,"Analyses of ancient valley networks and paleolake basins have provided imprecise constraints on the peak environmental conditions of early mars. the channel-forming discharge for measured paleochannels indicates runoff production on the order of 1 CM/day during event floods. to fill and overflow paleolakes, contributing watersheds had to produce no more than 0.1 m/yr of runoff, assuming no more than 1 m/yr of evaporation from the paleolake. these baseline requirements suggest an arid to semiarid paleoclimate with moderate runoff production during the wetter epoch in early martian history. ongoing studies of highland surfaces suggest even drier conditions with slow erosion of impact craters during most of the noachian period, before the valley networks formed. the proposed work will significantly advance our understanding of runoff production on mars BY characterizing the contributing watersheds for valley networks at a high level of detail. we will test the hypothesis that runoff originated from restricted areas of the landscape and quantitatively determine why this may be the CASE. we have three specific objectives: 1. watershed mapping. in 12 study areas that sample a wide range of topography in the tyrrhena and cimmeria highlands, we will map all relict tributary valleys and delimit areas that DID not develop valleys or channels. we will determine whether high image resolution reveals denser or more extensive fluvial networks than previous studies have found. 2. evaluating influences on fluvial dissection. in the dissected and undissected areas, we will measure contributing area, relief, slope, concavity, and surface integration. we will determine which of these factors had a statistically significant influence on tributary development and constrain the threshold topographic conditions for fluvial incision during the wetter epoch in early martian history. AS PART of this objective, we will test whether the results accurately predict the distribution of fluvial valleys in other watersheds within tyrrhena terra and terra cimmeria. 3. refinement of hydrologic relationships. we will apply the results from objectives 1 and 2 to better constrain the efficiency of runoff production and the minimum rates of rainfall or snowmelt in valley networks with recognized paleochannels. BY differentiating the contributing and non-contributing surfaces and recognizing which topographic surfaces produced valleys most efficiently, we will substantially improve our understanding of the relationship between discharge and contributing area. this project will enhance the scientific return of mars mission datasets including the Mars Reconnaissance Orbiter context camera, mars odyssey thermal emission imaging system, and mars global surveyor mars orbiter laser altimeter, satisfying the main objective of mdap. no field work, theoretical modeling, or studies of other planets are proposed."
2023,VA,VA-11,George Mason University,80NSSC22K0400 Modification P00001,NSSC - NASA Shared Services Center,"FAIRFAX, VA (District 11)",12/29/2022,01/06/2023,"Grant, Grant For Research","Educational - Educational Institution, State Controlled Institution of Higher Learning, State Government, US Government Entity",$0,$0,[None Indicated],,,,Lack of satellite flood products in the morning due to retirement of terra/modis in NEAR feature
2023,VA,VA-08,Smithsonian Institution,80NSSC20K0551 Modification P00004,NSSC - NASA Shared Services Center,"ARLINGTON, VA (District 08)",06/21/2023,06/30/2024,"Grant, Grant For Research","Non-Profit Institutions - Corporate Entity Tax Exempt, Nonprofit Organization",$0,$0,[None Indicated],,,,Preparing a geologic map in margaritifer terra: a community resource to facilitate future scientific investigations on mars
2023,VA,VA-11,George Mason University,80NSSC22K0400 Modification P00002,NSSC - NASA Shared Services Center,"FAIRFAX, VA (District 11)",08/08/2023,05/30/2023,"Grant, Grant For Research","Educational - Educational Institution, State Controlled Institution of Higher Learning, State Government, US Government Entity",$0,$0,[None Indicated],,,,Lack of satellite flood products in the morning due to retirement of terra/modis in NEAR feature
2023,WI,WI-02,University Of Wisconsin System,80NSSC21K1967 Modification P00002,NSSC - NASA Shared Services Center,"MADISON, WI (District 02)",12/07/2022,08/31/2024,"Grant, Grant For Research","Educational - 1862 Land Grant College, Educational Institution, State Controlled Institution of Higher Learning, State Government, US Government Entity","$60,000",$0,[None Indicated],,,,"The DYNAMIC habitat indices from terra, aqua, suomi npp and JPSS data for biodiversity science and conservation"
2023,WI,WI-02,University Of Wisconsin System,80NSSC21K0761 Modification P00003,NSSC - NASA Shared Services Center,"MADISON, WI (District 02)",03/31/2023,04/08/2024,"Grant, Grant For Research","Educational - 1862 Land Grant College, Educational Institution, State Controlled Institution of Higher Learning, State Government, US Government Entity",$0,$0,[None Indicated],,,,Modis atmosphere team collection 6.1 (c6.1) reprocessing was completed in december 2017 for terra and in march 2018 for aqua. c6.1 is currently in forward production and being monitored BY our team. we propose to continue monitoring and maintaining the cloud and
2023,WI,WI-02,University Of Wisconsin System,80NSSC22K0322 Modification P00001,NSSC - NASA Shared Services Center,"MADISON, WI (District 02)",04/28/2023,12/31/2024,"Grant, Grant For Research","Educational - 1862 Land Grant College, Educational Institution, State Controlled Institution of Higher Learning, State Government, US Government Entity","$60,000",$0,[None Indicated],,,,"The goal of this proposal is to provide product maintenance for the fusion radiance (fsnrad) subsetted products, which provides a path for continuity of products based on the terra, aqua, snpp, and NOAA-20 platforms."
