Year,State,District,Contractor,Contract,Mod Number,NASA Center,Place of Performance,Award Date,Completion Date,Award Type,Contractor Type - Indicators,Obligations,Change in Award Value,NAICS Code,TAS Code,Solicitation ID,Solicitation POC,Description
2023,TN,TN-06,Tennessee Technological University,80NSSC17K0446,Modification P00006,NSSC - NASA Shared Services Center,"COOKEVILLE, TN (District 06)",12/20/2022,08/31/2022,"Grant, Grant For Research","Educational - Educational Institution, State Controlled Institution of Higher Learning, State Government, US Government Entity",$-1,$-1,[None Indicated],,,,"Science goals and objectives: terraced fan deposits are unique geomorphic indicators of point source sedimentation on mars. their stair-step topography differs from classic profiles of alluvial fans or gilbert-type deltas, and the sediment gravity flow processes responsible for terrace development are unclear. proposed formative mechanisms include pulsed sedimentation through time, deposition into a standing body of water and/or reworking BY wind-driven wave activity. until recently, features that would be indicative of these processes   boulders, incised distributary channels, narrow levees, barforms   were too small to resolve using photogrammetric methods. however, we now have the capability of investigating such surface textures using digital elevation models and high-resolution STEREO-pair imagery returned from the Mars Reconnaissance Orbiter (hirise). the primary objective of this proposal is to integrate multiple datasets to conduct detailed geologic mapping of two terraced fan deposits, the subur vallis fan (11.73 n, 52.93 w) and aeolis mensae fan (6.53 s, 141.14 e). a second objective is to investigate the stratigraphy of each fan to identify vertical and lateral variations in terrace lithologies, a possible indicator of: (a) changing point source and flow/phase conditions through time, or (b) geochemical evolution of a standing fluid. in terms of scientific merit, the proposed work will test the hypothesis that fluvio-deltaic processes were responsible for terraced fan formation during the late noachian and early hesperian. a global survey of more than a dozen terraced fans developed during this time period show that their channel systems breach both chasma and crater walls, which may imply that standing bodies of water were not uncommon. methods: to accomplish the objectives, this study will integrate multiple datasets at nested resolutions. 1. task i will focus on creating digital elevation models (dems) of terraced fan deposits in subur vallis and aeolis mensae. ctx images, hirise STEREO-pairs and mola topographic tie-points are available for both fans and cover incised feeder channels, steep walls of the crater/chasma and well-developed terrace steps. structural deformation in these locations is limited compared to other fan deposits. 2. task II will use multispectral data from THEMIS and hyperspectral data from crism to investigate: bedrock exposure, dust accumulation, mineral distribution, and presence/absence of hydrated mineral deposits on terraces. the results from tasks i and II will allow characterization of vertical and lateral variations and construction of a stratigraphic framework for each fan. textural geomorphic indicators of sediment gravity flow processes and similarities between the two locations will inform a model of terraced fan formation. 3. task III, conducted concurrently with the previous two tasks, will synthesize results to generate a geologic map of a martian terraced fan (1:18000 scale). map units and relative ages will be based on cross-cutting relationships and detailed stratigraphic sections. the orientation of bedding and stratal packages will be estimated using strike and dip measurements from dems. this type of very detailed mapping has been previously limited to a few structurally complex areas and sites calibrated with lander data."
2023,VA,VA-08,Smithsonian Institution,80NSSC17K0454,Modification P00005,NSSC - NASA Shared Services Center,"ARLINGTON, VA (District 08)",12/20/2022,08/13/2022,"Grant, Grant For Research","Non-Profit Institutions - Corporate Entity Tax Exempt, Nonprofit Organization","$-3,012","$-3,012",[None Indicated],,,,"Mars  valley networks are among the best lines of evidence for widespread fluvial modification of the planet s surface, but the climatic conditions present during their formation remain controversial. researchers have compiled global maps of valley networks from viking and THEMIS data to estimate various properties of mars  geologic history, including climatic conditions, formation timescales, and erosion rates. the channels mapped BY hynek et AL. (2010) are now covered 96% BY ctx imagery and 51% BY HRSC dems. we propose to use these high resolution data to conduct detailed geomorphologic studies and landform evolution modeling at eight valley networks, spanning a wide range of geologic settings, to address several outstanding questions. specifically, we propose two related tasks: (1) detailed geomorphologic mapping study using mola, HRSC, ctx and hirise (where available) imagery to study paleoflow properties formative processes. (2) use the marssim landform evolution model to explore sedimentary, hydrologic, and climatic conditions necessary for the observed distribution and varying densities of valley networks. integrating orbiter data with the marssim landform evolution modeling has proven to be an effective tool at deciphering a planetary surface s geologic history. characterizing the history of mars  surficial water and paleoclimate remain top NASA science themes AS stated in the 2013-2022 decadal survey. we will directly address both of these themes BY using data from the Mars Reconnaissance Orbiter and mars EXPRESS to understand the hydrologic properties and formative conditions necessary for valley network formation, which will yield insights into mars' past potential habitability."
2023,MD,MD-07,"Johns Hopkins University, The",80NSSC17K0576,Modification P00007,NSSC - NASA Shared Services Center,"BALTIMORE, MD (District 07)",10/28/2022,08/31/2018,"Grant, Grant For Research","Educational - Corporate Entity Tax Exempt, Educational Institution, Nonprofit Organization, Private University Or College","$-5,958","$-5,958",[None Indicated],,,,"AS PART of the NASA international SOLAR-terrestrial physics (istp) program, the geotail Spacecraft was launched in 1992 into an earth orbit with apogees extending deep into earth s magnetic tail region, and later in a 9re x 30re final orbit. the Johns Hopkins University Applied Physics Laboratory (JHU/APL) was chosen BY NASA to develop and operate the energetic particle and ion composition (EPIC) instrument (in conjunction with co-investigators at the universities of maryland and kansas) for this mission. both the Spacecraft and EPIC instrument have been fully operational and returning earth magnetic tail region data since launch in 1992. the EPIC data on geotail have made and will continue to make major contributions to the understanding of the Fundamental Research topics such AS geomagnetic storms, substorms, magnetic reconnection, and particle acceleration. the continuation in processing EPIC data will complement existing space missions such AS cluster, THEMIS, recent space mission van allen probes, and MMS mission to gain further understanding of the plasma dynamics occurring in the outer and inner magnetosphere. the geotail/EPIC data for the next few years will offer another invaluable monitoring point in space that CAN, in some cases, change an ambiguous result when geotail/EPIC observations are not taken into account to a conclusive one when they are. in particular, EPIC s capability of identifying the ion species and charge state is unique, complementing missions that lack this ability (e.g., THEMIS). in view of its vital role in complementing existing and future NASA missions, we propose the continuation of EPIC data processing for the use of the space community at large. the data processing software has been well developed for its continual usage. the requested funding will also allow continuous monitoring of instrument operations and providing materials to support senior review preparations."
2023,CA,CA-36,"University Of California, Los Angeles",80NSSC18K0719,Modification P00004,NSSC - NASA Shared Services Center,"LOS ANGELES, CA (District 36)",05/02/2023,04/01/2022,"Grant, Grant For Research","Educational - Educational Institution, State Controlled Institution of Higher Learning, State Government, US Government Entity",$0,$0,[None Indicated],,,,"The auroral wave-like structures called  omega bands  appear within the morning sector auroral oval with shapes resembling the greek letter ?, and are typically associated with the recovery phase of substorms. what causes omega bands to develop is not understood. it is most likely that the paucity of concurrent magnetospheric data has limited our ability to understand fully the mechanism responsible for the generation of the omega bands. currently, the 3 most widely accepted omega band generation mechanisms are: 1) they form AS a direct consequence of auroral streamer activity, where auroral streamers are the ionospheric projection of earthward flow bursts in the plasma sheet [henderson, 2012], 2) they arise through the structuring of magnetic vorticity and field aligned currents in the ionosphere BY the kelvin helmholtz (kh) instability driven BY flow shears at the inner edge of the plasma sheet [rostoker and samson, 1984], and 3) they are the result of a hybrid kelvin-helmholtz/rayleigh-taylor (kh/rt) instability in the plasma sheet [yamamoto, 2011]. in the kh mechanisms, the omega bands grow from auroral oval arcs and in the kh/ rt model omegas form from auroral streamers. our science objective in this proposed work is to use magnetotail plasma and magnetic field data acquired from several Spacecraft missions, in conjunction with corresponding images from the THEMIS all-sky camera (asc) network to determine the source of the auroral omegas. thus, our science goals are to answer the following questions: 1) how are auroral omegas produced in the tail? 2) why are omegas mainly observed during the substorm expansion and recovery phase? 3) why are omegas not observed during every substorm? 4) considering that some auroral omegas appear to be evolve from auroral arcs while others appear to form from north-south streamers, are there potentially two mechanisms that produce auroral omega band structures? to address these questions, we will use the THEMIS asc network to identify auroral omegas and then analyze the corresponding plasma and magnetic field data from the THEMIS, geotail, cluster, and GOES geosynchronous Spacecraft. already, we have identified 63 auroral omega bands events recorded between 2006 and 2016 BY the asc station at sanikiluaq, canada. of these events, 10 have NEAR conjugate THEMIS Spacecraft data, 1 has conjugate cluster data, and 56 have NEAR conjugate GOES geosynchronous data. furthermore, there are another 11 asc stations to investigate, and 3 of these have NEAR conjugate geosynchronous GOES data for periods between 2006 and 2016. in addition to the Spacecraft data, we will employ the ucla global mhd model [raeder et AL., 1995 el alaoui et AL., 2001] to investigate in detail a few select events with good conjugate Spacecraft coverage. the ucla mhd model has been used many times to model substorm events, including an event with omega bands that occurred on march 9, 2008. our preliminary results of the event suggests that both high speed earthward flows and a velocity shear are present at the location of the omega bands. furthermore, this SAME event clearly shows some omega bands forming from streamers and auroral arcs. the THEMIS Spacecraft data will be used for the bulk of the analyses because the orbits of these Spacecraft were designed to have the FOOT points of their apogee over the ascs. two of the primary objectives of the THEMIS mission included establishing when and where substorms begin and determining how the individual components of the substorm interact. our study will GO beyond the goals of the THEMIS mission and determine the origin of the auroral omegas, which are a component of substorms, albeit an infrequent component. this study will also address the NASA decadal survey goal of understanding fundamental physical processes in the space environment from the sun to the earth, including the coupling of the magnetosphere-ionosphere and how it responds to magnetospheric forcing."
2023,AK,AK-00,University Of Alaska Fairbanks,80NSSC18K0797,Modification P00006,NSSC - NASA Shared Services Center,"FAIRBANKS, AK (District 00)",06/06/2023,04/30/2024,"Grant, Grant For Research","Educational - 1862 Land Grant College, Educational Institution, State Government, US Government Entity",$0,$0,[None Indicated],,,,"1. goals and/or objectives at the root of this proposal is the question of how momentum and energy are transported at kinetic scales (~&lt; ion gyro radius) between magnetically coupled space plasmas. some of the most compelling physics occurs at ion kinetic scales (e.g., magnetospheric boundaries) and even at electron inertial scales (e.g., broadband aurora, reconnection). in many instances, large-scale perturbations CAN undergo a turbulent cascade to kinetic scales, dissipating energy, and producing non-adiabatically heated plasma (e.g., radial transport in planetary magnetospheres). thus, in-depth knowledge of such processes has broad applicability in space plasma physics. this proposal seeks to generate kinetic-scale plasma WAVES (e.g., low frequency kinetic/inertial alfven, right-hand whistler, left-hand ion cyclotron, and higher frequency lower hybrid WAVES ETC.) using an active plasma injection in the earth's ionosphere (thermite barium release) AS a known source of energy and momentum. specifically, this proposed experiment will address the following compelling science questions: - how is momentum transfer affected BY kinetic-scale physics (e.g., formation of parallel electric fields and dissipation)? - how is electromagnetic energy converted into plasma kinetic and thermal energy? - what is the interplay (i.e., cross-scale coupling) between fluid- and kinetic-scale processes? 2. methodology to address our science questions, we propose to make plasma measurements adjacent to and within the alfven wing of an injected thermite barium release. we will launch a single rocket from wallops island, virginia, with two barium thermite canisters to be detonated 90 s apart at an altitude of about 350 km. a plasma diagnostic array will include 4 free-flying instruments (thermal plasma properties) and will be positioned above the release, but NEAR the edge the magnetic flux tube subtended BY the release cloud. the inter-instrument separation will be comparable to the perpendicular gradient scale lengths of the cloud, which is comparable to the oxygen ion inertial length at ionospheric altitudes (~ few km). the main payload will provide DC fields, particle (pitch angle resolved thermal and energetic electrons) and wave data inside, at the boundaries, and outside of the alfven wings due to the relative motion of payload and cloud. ground-based optical observations to record the motion of the releases will be made at downrange stations. the combined data set will provide basic information on the magnitude and scale of the alfvenic perturbations and quantify the coupling. the data, in combination with state-of-the-art numerical simulations, will allow us to distinguish between different physical processes. 3. relevance this proposal addresses central elements of NASA's 2014 science plan. specifically, we will explore the physical processes in the space environment from the sun to the earth and throughout the SOLAR system and advance our understanding of the connections that link the sun, the earth, planetary space environments, and the outer reaches of our SOLAR system BY studying kinetic-scale energy and momentum transport. auroral acceleration and turbulent heating models invoke kinetic/inertial alfven WAVES, making the proposed experiment ideally suited for addressing fundamental space plasma coupling processes. the proposed experiment has significant heritage with NASA-sponsored suborbital missions and orbital missions (e.g., crres). the problem definition has been elucidated BY previous and current NASA missions (e.g., THEMIS, MMS, fast, cassini, galileo and juno). the past 20 years have seen significant advances in both in situ instrumentation and ground based optics capability. combined with advanced numerical simulation methods, the proposed experiment, with its strong heritage, is ideally suited to attacking fundamental processes in space plasmas."
2023,CA,CA-36,"University Of California, Los Angeles",80NSSC18K1122,Modification P00005,NSSC - NASA Shared Services Center,"LOS ANGELES, CA (District 36)",05/02/2023,06/25/2022,"Grant, Grant For Research","Educational - Educational Institution, State Controlled Institution of Higher Learning, State Government, US Government Entity",$-2,$-2,[None Indicated],,,,"Magnetic reconnection, triggered BY plasma instabilities in thin current sheets, plays a crucial role in the magnetotail kinetic and DYNAMIC processes. it is responsible for the generation of flux ropes (frs), bursty bulk flows (bbfs), and dipolarizing flux bundles (dfbs), which propagate toward the earth or further down tail. therefore, although magnetotail reconnection is localized in a small scale region, it has global consequences. it is known that particles are accelerated (to energies ~kev) BY magnetotail reconnection and further accelerated (up to mev) via interaction with the consequent kinetic structures and injection into the inner magnetosphere. however, (1) how particles are accelerated BY magnetotail reconnection and its consequent kinetic structures and (2) how these accelerated particles are injected into the inner magnetosphere via the interaction of these earthward propagating structures with dipole field are still not well understood. to reveal these two important processes, we propose a synergistic study using multispacecraft observations and particle-in-cell (pic) simulations. we will use THEMIS and artemis Spacecraft simultaneous observations in the magnetotail at different geocentric distances to investigate particle energization and injection during reconnection and earthward/ tailward transport. we will use large-scale two-dimensional (2-d) and three-dimensional (3-d) pic models guided BY our observations and physical intuitions to simulate the energetic particle acceleration and injection processes. science goal and objectives: BY comprehensive use of multispacecraft datasets and numerical simulations we will: (1) investigate the multistage successive particle acceleration process BY magnetotail collisionless reconnection and its consequent kinetic structures: frs, bbfs and dfbs. (2) explore how the accelerated particles are injected into the inner magnetosphere via the interaction between these earthward propagating structures with the geomagnetic dipole field. relevance to one or more of the four decadal survey goals: this proposed research contributes to two of the four high level science goals from the heliophysics decadal survey, namely 2. determine the dynamics and coupling of earth s magnetosphere, ionosphere, and atmosphere and their response to SOLAR and terrestrial inputs, and  4. discover and characterize fundamental processes that occur both within the heliosphere and throughout the universe . methodology: data analysis and modeling: (1) we will use statistics of five THEMIS Spacecraft observations in 2008-2009 to investigate the efficiency of acceleration associated with plasma flows originating from the reconnection and propagating earthward. statistics of three THEMIS Spacecraft in 2010-2017 will be used to collect information about particle energizations and injections. simultaneous observations of THEMIS and artemis Spacecraft will serve for investigation of efficiency of particle acceleration within earthward and tailward flows. (2) we will use large-scale 2-d and 3-d pic simulations in which electromagnetic fields are updated BY solving maxwell s equations with an explicit leapfrog scheme and particles (electrons and ions) are advanced relativistically in the fields. the simulations employ an initial configuration of a dipole field plus a thin harris current sheet. no initial perturbations or external driving fields will be imposed   multiple x-line reconnection will be triggered spontaneously, and numbers of frs, bbfs, and dfbs are expected to be generated and propagate toward the earth/tail."
2023,MD,MD-07,"Johns Hopkins University, The",80NSSC19K0259,Modification P00004,NSSC - NASA Shared Services Center,"BALTIMORE, MD (District 07)",02/10/2023,02/28/2024,"Grant, Grant For Research","Educational - Corporate Entity Tax Exempt, Educational Institution, Nonprofit Organization, Private University Or College",$0,$0,[None Indicated],,,,"Science goals and objectives: ULF WAVES with radial field line displacement (poloidal WAVES), which accompany an azimuthal electric field and a compressional magnetic field, are important in the physics of the inner magnetosphere (l &lt; 6) during geomagnetic storms, because the WAVES interact with energetic particles drifting in the earth s dipolar magnetic field. previous studies reported statistical properties of poloidal ULF WAVES including: (1) the occurrence pattern in radial distance and local time, and (2) the dependence of the occurrence rate and amplitude of the WAVES on SOLAR wind parameters and geomagnetic activity indices. the goal of the proposed investigation is to analyze Spacecraft data to obtain detailed information on poloidal ULF WAVES in the inner magnetosphere. in consideration of drift resonance interaction of ULF WAVES with energetic electrons, we will focus on poloidal WAVES with symmetric field line displacement about the magnetic equator, and when possible, we will infer the azimuthal wave number (m). the specific goals of the proposed investigations are: (1) to determine whether a given wave is driven BY the SOLAR wind disturbances (small m) or internal instabilities (large m), (2) to determine their statistical properties, and (3) to evaluate the relative importance of low-m and high-m WAVES in terms of the overall spectral power in the inner magnetosphere. our project will cover the pc4 5 pulsation band (2 22 mhz). the mission data: we will use fields and particle data from the radiation belt storm probes (rbsp, alternatively known AS van allen probes) and SOLAR wind data from the THEMIS and other Spacecraft. methodology. we will determine the local properties (frequency, amplitude, polarization, and field line standing mode) of ULF WAVES using fields data from each rbsp Spacecraft. we will combine data from the two rbsp Spacecraft to determine the spatial extent and wavelength of the WAVES. particle data from rbsp will be examined for signatures of drift resonance, for finite larmor radius sounding, and for information on the free energy to excite ULF WAVES. SOLAR wind data will be compared with the ULF WAVES to determine direct wave driving BY SOLAR wind disturbances. we will run global mhd simulations to obtain the spatial distribution of the energy of low-m ULF WAVES driven BY SOLAR wind DYNAMIC pressure variations. relevance: science questions addressed BY the rbsp mission include the following: 1. which physical processes produce radiation belt enhancements? 2. how DO ring current and other geomagnetic processes affect radiation belt behavior?  poloidal ULF WAVES exchange energy with energetic electrons through drift resonance thus are relevant to question 1. ring current ions excite ULF WAVES. this process may reduce ring current energy, and the excited ULF WAVES may interact with energetic electrons leading to acceleration or precipitation loss of the latter. therefore, ULF WAVES excited in the ring current are relevant to question 2."
2023,MD,MD-07,"Johns Hopkins University, The",80NSSC19K0270,Modification P00004,NSSC - NASA Shared Services Center,"BALTIMORE, MD (District 07)",01/29/2023,02/15/2024,"Grant, Grant For Research","Educational - Corporate Entity Tax Exempt, Educational Institution, Nonprofit Organization, Private University Or College",$0,$0,[None Indicated],,,,"Electromagnetic ion cyclotron (emic) WAVES are known to be an important instability in the magnetosphere, regulating the ring current temperature anisotropy, precipitating ring current ions to the ionosphere, and causing prompt loss of the outer electron radiation belts through resonant wave-particle interactions. the WAVES also heat cold ionospheric he+ and o+ contributing to transport of ionospheric plasma to the outer magnetosphere. while emic WAVES have been widely documented, prior theoretical research has focused primarily on predicting their generation and conditions needed for growth. the underlying fundamental physics of wave propagation, however, has yet to be fully understood. the wave properties, propagation characteristics, and interactions with ring current plasma, energetic electrons, and cold ions are governed BY wave dispersion that relates the wave frequency, w, and wave vector, k, to the ambient magnetic field and plasma. to date we still have not ed the basic wave properties and propagation characteristics of emic WAVES because k is profoundly difficult to determine observationally. new observations from MMS, made with high accuracy in magnetic fields and unprecedented close spacing of the four MMS observatories finally allow accurate determination of k via the curl operator. more extensive tests of wave dispersion and propagation are also possible using the divergence and curl of fully three-dimensional electric field measurements. emic WAVES are prevalent in MMS observations and span a wide range of magnetic latitudes, including the latitudes where the critical bi-ion resonances occur. the combination of this fundamentally new observational capability and the orbital coverage allows the FIRST ever definitive determination of the emic wave properties and their evolution with latitude AS they propagate to regions of higher magnetic field strength. this research is directly relevant to the heliophysics decadal survey goal (2),  determine the dynamics and coupling of the earth s magnetosphere, ionosphere, and atmosphere and their response to SOLAR and terrestrial inputs. , and goal (4),  discover and characterize fundamental processes that occur both within the heliosphere and throughout the universe . we propose to determine the fundamental properties of emic wave propagation in the magnetosphere and compare these results against dispersion and propagation theory to understand the basic physics of these WAVES. specifically, we will address the fundamental question of how the emic wave vector evolves AS the wave propagates BY investigating (a) how the emic wave vectors and wave properties vary BY l shell and latitude (b) where in the dispersion relation the WAVES fall at different points during propagation and AS plasma conditions change and (c) how changes in the wave vector during propagation affect the wave characteristics and resonance conditions. we will use the MMS observations together with theory and modeling of the dispersion relation and propagation to understand the fundamental physics of emic WAVES. in addition, observations of emic WAVES with MMS during close conjunctions with the van allen probes and THEMIS will be used to  their propagation evolution at multiple locations on the SAME field lines. the results will yield a deeper understanding of how the WAVES resonate with plasma populations leading to the loss of ring current and radiation belt particles, thereby advancing our predictive understanding of these key wave-particle interactions."
2023,MA,MA-07,Trustees Of Boston University,80NSSC19K0286,Modification P00004,NSSC - NASA Shared Services Center,"BOSTON, MA (District 07)",01/26/2023,12/31/2023,"Grant, Grant For Research","Educational - Corporate Entity Tax Exempt, Educational Institution, Nonprofit Organization, Private University Or College",$0,$0,[None Indicated],,,,"Overall goal: we propose to investigate the relative roles of coulomb collisions, locally enhanced convection electric fields, and plasma WAVES damping, in transferring energy from the ring current to the ionosphere-thermosphere, using a combination of in situ satellite particle and field data in the inner magnetosphere and subauroral RED-line SAR ARC emissions AS a diagnostic of these processes. motivation: observations of SAR arcs (spectrally pure 630.0 nm emission) BY all-sky imagers (asis) suggest that they are more complicated than previously thought, with inconsistencies between observations and published theory. the occurrence of localized, enhanced, poleward-directed, sub-auroral electric fields (termed saps or said) present a possible mechanism for the production of SAR ARC emissions previously not considered due to lack of observations and understanding. we propose to conduct a systematic study of inner magnetospheric particle and field observations using data from the van allen probes (vap) and THEMIS Spacecraft, along with sub-auroral ionospheric data of SAR arcs from asis, and co-located f-region data from DMSP Spacecraft and millstone hill incoherent scatter radar. science questions: we will look at loss of ring current energy via coulomb collisions of ring current ions with cold plasmaspheric electrons, and study the extent to which saps electric fields play a role in producing SAR ARC emissions. the specific science questions are: (a) how are SAR arcs related to the ring current and plasmasphere? (b) what role DO coulomb collisions play in providing energy to power SAR arcs? (c) what is the role of large sub-auroral electric fields in SAR ARC generation? (d) are there consistent signatures of emic (or other) WAVES in regions that map to observed SAR arcs? methodology: it consists of data analysis of vap and THEMIS data for cases of observed SAR arcs identified in ASI data, supplemented BY radar f-region and DMSP topside data, and BY numerical simulations. we will classify the observed SAR arcs in terms of geomagnetic conditions and storm phase. data from eight asis at sub-auroral latitudes (l~ 3) with broad longitudinal distribution will be analyzed. we will then search the combined data from vap hope, rbspice, emfisis, and efw instruments. we will characterize DC electric fields, ring current particle fluxes and anisotropy, and location of the plasmapause. on THEMIS, ion and electron particle data from ESA and SST instruments and density data from the Spacecraft potential will be used. millstone hill radar data (when available) will provide f-region plasma density and temperature height profiles. we will use event simulations with the sami3-RCM FIRST-principles model of the ring current and ionosphere. constrained BY data, simulations will be used to compute signatures of ring current energy losses and ionospheric electron heating rates. our comparison with results of data analysis will allows us to validate theoretical predictions or find systematic discrepancies. work plan: the proposed work INCLUDES: 1) identification of storm periods and available in situ and ground-based data 2) computation of footprints of vap and THEMIS to identify overflights in both hemispheres that map into the ionosphere NEAR l3 3) analysis of the data 4) numerical simulations to obtain key outputs and 5) calculation of brightness levels of RED-line emissions in regions of SAR arcs due to coulomb collisions and saps electric fields. relevance: the proposed work is relevant to one of the four science goals from the decadal survey AS it address the dynamics and coupling of earth s magnetosphere, ionosphere, and atmosphere. it also addresses one of the science objectives of vap BY contributing to the understanding of how and why the ring current varies during storms."
2023,CA,CA-27,California Institute Of Technology,80NSSC19K0422,Modification P00005,NSSC - NASA Shared Services Center,"PASADENA, CA (District 27)",01/26/2023,02/28/2024,"Grant, Grant For Research","Educational - Corporate Entity Tax Exempt, Educational Institution, Nonprofit Organization, Private University Or College",$0,$0,[None Indicated],,,,"We propose to generate and make publicly available a global, seam-corrected mosaic of Mars Reconnaissance Orbiter (MRO) context camera (ctx) data, rendered at 5.0 m/px, registered to mars orbiter laser altimeter (mola) data. once completed, this product will represent a factor of 400 improvement in spatial resolution over the next highest-resolution global mosaic, derived from 100 m/ px THEMIS IR data. this product will incorporate voluminous feedback we have received from over 30 mars scientists from a range subdisciplines who have beta tested select regions, and from crowd-sourced feedback of our initial global beta product to be posted online later this Calendar Year. our automated pipeline prioritizes data heritage so that (1) users know the parent orbit and all metadata for every pixel in the mosaic, (2) they CAN instantly ACCESS pre-blended and raw versions of original orbits, and (3) all seams in the mosaic are mapped in an accompanying vector layer to avoid misinterpretation. to DO this, we implement state-of-the-art non-destructive image processing techniques that are engineered to preserve all information from input data. this is a major advance over traditional, sequential image processing routines that destroy information during each step. we employ a modular approach BY generating 4 x4  blended tiles that CAN be individually updated and replaced without having to regenerate the global product. our full proposal will outline the suite of techniques to achieve a seamless global map and to fully register the mosaic to the only consistent global elevation map of mars, derived from the mola dataset."
2023,MN,MN-05,Regents Of The University Of Minnesota,80NSSC19K0842,Modification P00004,NSSC - NASA Shared Services Center,"MINNEAPOLIS, MN (District 05)",02/09/2023,08/31/2023,"Grant, Grant For Research","Educational - 1862 Land Grant College, Educational Institution, Nonprofit Organization",$0,$0,[None Indicated],,,,"All previous studies like this have offered only limited glimpses into the chorus-microburst cause and effect chain. a sufficiently large dataset of high time resolution conjunction observations of both chorus and microbursts now exists to statistically analyze timeand spatially-resolved details of microburst creation in order to ascertain its importance for radiation belt physics. for microburst observations, this dataset INCLUDES multi-year observations from firebird, ac6, AS well AS multiple barrel balloon campaigns. for chorus this dataset INCLUDES rbsp, THEMIS, ETC. comparative analysis of these datasets will allow us to address the following science goals: 1) determine the l and mlt size constraints and duration of microburst producing regions of chorus. 2) calculate the average microburst flux and extrapolate to the larger observed source region from (1) to determine, AS a function of energy, whether or not microbursts consistently represent an important loss of radiation belt electrons in storm recovery. 3) determine what chorus wave properties are correlated with observed microburst properties including energy spectrum. 4) use models and theory to determine details of the scattering interaction, including latitude of scattering and cyclotron harmonic involved, and whether the observed microburst flux CAN be explained with quasi-linear scattering theory or requires nonlinear interaction."
2023,AK,AK-00,University Of Alaska Fairbanks,80NSSC19K0843,Modification P00004,NSSC - NASA Shared Services Center,"FAIRBANKS, AK (District 00)",04/24/2023,04/15/2024,"Grant, Grant For Research","Educational - 1862 Land Grant College, Educational Institution, State Government, US Government Entity",$0,$0,[None Indicated],,,,"Science goals and objectives: in recent years, small scale azimuthal structuring in optical signatures (known AS azimuthal auroral forms or auroral beads - e.g. motoba et AL., 2012) have been observed and are associated with low frequency pc1/2 wave activity. while the characteristic frequency, kinetic-scale structuring and associated electron energization have been attributed to the onset of a kinetic ballooning instability, there has been limited rigorous comparison between the observations and theoretical models. the AIM of this proposal is to understand the wave and energized electron signatures associated with the ballooning instability in the NEAR-earth plasma sheet BY comparing image, THEMIS (Spacecraft and ASI), cluster, fast and DMSP observations of instances of auroral beads with simulations of the hybrid gyrofluid-kinetic-electron (gke) model. in particular, we will address the following science questions: 1) what are the observed wave and energized electron signatures associated with auroral beads evident at substorm onset? 2) how well does the kinetic ballooning instability account for these observed wave and electron signatures? and (3) how DO the characteristics of the energization vary with azimuthal mode number? methodology: to answer these fundamental science questions, we will conduct simulations using the gyrofluid-kinetic electron (gke) model (damiano et AL., 2015), constrained BY and compared with cluster, THEMIS, image, fast and DMSP observations. the model is coded in curvilinear coordinates and incorporates both compressional and alfv n wave physics including the relevant electron dynamics that describe the inertial and kinetic alfv n wave limits (where parallel electric fields CAN be supported), along with mirror force trapping of electrons and finite ion-gyroradius effects. the model has a proven record for investigating both monoenergetic (e.g. damiano et AL., 2007, damiano and wright, 2008 damiano and johnson, 2012, 2013) and broadband (e.g. damiano et AL., 2015, 2016) electron energization BY alfv n WAVES in the terrestrial magnetosphere. in the execution of the work plan, ground based THEMIS-ASI (all sky imager) data will be used in conjunction with cluster, THEMIS, image, fast and DMSP satellite observations to identify and classify instances of the occurrence of auroral beads and the associated wave and particle signatures. this use of these multiple Spacecraft will facilitate comprehensive data coverage all along the field line from NEAR (or below) the low altitude auroral acceleration region to the tail plasma sheet. the characteristics of the satellite observations will then be compared with gke simulations of ballooning modes to ascertain how well the simulated wave and electron signatures compare with the observations. relevance: the objectives for the proposal are relevant to the heliophysics decadal survey goal (2) determine the dynamics and coupling of the earth s magnetosphere, ionosphere and atmosphere and their response to SOLAR and terrestrial inputs and goal (4) discover and characterize fundamental processes that occur both within the heliosphere and throughout the universe. the work will in-turn advance hsr science area (10) magnetosphere-ionosphere coupling/magnetotail. also, the proposed work will analyze data from the NASA THEMIS, image, fast and cluster missions that are publicly available from the NASA GSFC Space Physics Data Facility website http://cdaweb.GSFC.NASA.gov). cluster observations not available in the SPDA CAN also be accessed at https:// www.cosmos.ESA.int/web/CSA."
2023,CA,CA-12,"Regents Of The University Of California, The",80NSSC20K0691,Modification P00002,NSSC - NASA Shared Services Center,"BERKELEY, CA (District 12)",04/25/2023,03/31/2024,"Grant, Grant For Research","Educational - 1862 Land Grant College, Educational Institution, Other Not For Profit Organization","$151,926",$0,[None Indicated],,,,Science goals and objectives: recent observations from THEMIS probes 1 and 2 (also known AS THEMIS b and c and collectively known AS artemis) have been interpreted AS indicating the presence of heavy ions of ionospheric origin   mass.
2023,IL,IL-13,University Of Illinois,80NSSC20K1231,Modification P00002,NSSC - NASA Shared Services Center,"URBANA, IL (District 13)",04/02/2023,06/15/2023,"Grant, Grant For Research","Educational - 1862 Land Grant College, Educational Institution, State Controlled Institution of Higher Learning, State Government, US Government Entity","$57,037",$0,[None Indicated],,,,"This project will quantify the relative contribution of n+ ions to the total heavy ion population of the NEAR-earth environment. there has been much interest in the transport and energization of o+ through the ionosphere-magnetosphere system since it was FIRST reported. however, relatively little has been done with n+ even though past observations have established that n+ is a significant ion species in the ionosphere, the second most dominant in the f2 region, and its presence in the magnetosphere is significant. the transport and energization of n+, in addition to that of o+, have not been considered BY most studies, simply because the observational record of its existence and significance has been overlooked. most past missions lacked the possibility to reliably distinguish the n+ from o+ owing to their very close masses and therefore, we lack knowledge of the relative contribution of n+ to the NEAR-earth plasma population. this project will use simulations with the space weather modeling framework together with observations from the MMS, van allen probes and THEMIS NASA missions. we will conduct simulations with swmf in various model configurations and compare model output with the observations in order to assess the NEAR-earth nonlinear feedback processes on the spatial and temporal structure of inner magnetospheric ion composition. direct data-model comparisons will grant an in-depth understanding of the physical processes that control the transport and losses of these heavy ions throughout the ionosphere-magnetosphere system, allowing to quantify their distribution and the location their energization takes place."
2023,MA,MA-07,Trustees Of Boston University,80NSSC20K1270,Modification P00004,NSSC - NASA Shared Services Center,"BOSTON, MA (District 07)",06/29/2023,07/01/2024,"Grant, Grant For Research","Educational - Corporate Entity Tax Exempt, Educational Institution, Nonprofit Organization, Private University Or College",$0,$0,[None Indicated],,,,"The project methodology is based on (1) a theory of wave-particle interactions (both resonant and non-resonant) between energetic electrons and emic WAVES, (2) an incorporation of a wide range of wave-particle interaction processes into models of the radiation belt electron dynamics, and (3) a quantitative comparison between the observed (BY low-earth-orbiting satellites) and estimated electron precipitation based on theory and modeling. the theoretical approaches exploit modern treatments of adiabatic invariant breaking in plasma systems with resonances. numerical simulations include both test particle models and kinetic equations describing the long-term evolution of the electron distributions. both theory and simulations will be driven BY Spacecraft observations of wave characteristics in the radiation belts: van allen probes, THEMIS, and MMS for the NEAR-equatorial observations and poes, firebird, and elfin for the observations of precipitating particles at low altitudes. this proposal contributes to two scientific objectives of the heliophysics decadal survey, namely goal 2:  determining the dynamics and coupling of earth s magnetosphere, ionosphere, and atmosphere , and goal 4:  discovering and characterizing fundamental processes that occur both within the heliosphere and throughout the universe  BY providing a comprehensive understanding of wave particle interactions beyond the quasi-linear theory due to emic WAVES and its contribution to energetic electron scattering and precipitation loss."
2023,AK,AK-00,University Of Alaska Fairbanks,80NSSC20K1279,Modification P00002,NSSC - NASA Shared Services Center,"FAIRBANKS, AK (District 00)",04/13/2023,07/01/2023,"Grant, Grant For Research","Educational - 1862 Land Grant College, Educational Institution, State Government, US Government Entity","$477,395",$0,[None Indicated],,,,"Science goals and objectives: giant planet magnetospheres, due to their size, multi-body nature, and rotational dynamics are some of the most complicated and least understood magnetospheres in the SOLAR system. yet their internally driven nature make them an ideal laboratory to study fundamental plasma processes. however, while these giant magnetospheres occupy impressive spatial volumes, the most consequential and DYNAMIC coupling processes occur at very small scales (e.g., wave-particle interactions and reconnection at kinetic scales). we propose a multi-scale investigation of the magnetospheric dynamics at jupiter and saturn (using in PART, tools proven in and adapted from the terrestrial magnetosphere) to facilitate transformative advances in understanding the complicated, nonlinear and interconnected processes that DRIVE the global systems. these advances, in conjunction with comparative studies at earth, are critical to understanding the basic processes inherent in space plasmas within the SOLAR system and beyond. specifically, we will address the following compelling science questions related to the structure and dynamics of jupiter s and saturn s magnetospheres. 1. how is plasma transported radially outward. how is plasma heated? 2. what is the role of alfven WAVES in particle energization and transport and their related implications for magnetosphere ionosphere coupling via parallel electric fields? 3. what is the relative importance of ionospheric conductance, parallel electric fields, and alfven travel time in magnetosphere ionosphere coupling? 4. how DO magnetopause boundary processes influence global magnetospheric dynamics and how does the magnetosphere influence sheath flows AS a function of local time? 5. how does the coupled system vary with changes in SOLAR wind conditions? methodology we are combining a comprehensive suite of methods (i.e., global fluid simulations, local fluid and hybrid simulations, theory, Machine Learning and data analysis) and expertise through a diverse science team to attack the compelling research challenge of transport processes at the rapidly rotating giant planet magnetospheres. our multi-scale approach involves the largest ensemble of diverse tools that have yet been applied to this effort. some of these tools have been used and validated in extensive application to the terrestrial magnetosphere, but also more recently advanced and validated in application to the giant magnetospheres. we will also employ  Machine Learning  algorithms to aid in the analysis and interpretation of the large and multi-instrument data sets that we will consider. this approach will therefore address fundamental mysteries at jupiter and saturn that CAN both be inferred from and applied, comparatively, to earth. such comparative studies satisfy the required rigor to fully understand basic plasma processes in heliophysics and, ultimately, will directly impact efforts to study space weather. relevance to the decadal survey goals. the proposed study is highly relevant to current NASA missions (e.g., cluster, THEMIS, MMS, juno, and cassini) and addresses central elements from the heliophysics decadal survey: 3. determine the interaction of the sun with the SOLAR system and the interstellar medium 4. discover and characterize fundamental processes that occur both within the heliosphere and throughout the universe. ultimately, comparative studies are directly relevant to understanding similar processes at earth, addressing science goal 2) determine the dynamics and coupling of earth s magnetosphere, ionosphere, and atmosphere and their response to SOLAR and terrestrial inputs. science closure will lead to transformative advances in understanding multi-scale transport processes in planetary magnetospheres."
2023,CA,CA-36,"University Of California, Los Angeles",NNX14AN68G,Modification 14,NSSC - NASA Shared Services Center,"LOS ANGELES, CA (District 36)",06/27/2023,07/15/2022,"Grant, Grant For Research","Educational - 1862 Land Grant College, Educational Institution, Hospital, State Controlled Institution of Higher Learning, State Government, US Government Entity",$-654,$-654,[None Indicated],80-0120,,,"The elfin-star (elfin*) cubesat will resolve the role of electromagnetic ion cyclotron (emic) WAVES for (and determine the rate of) relativistic electron precipitation during storms. from a NEAR-polar (i&gt;65o), low-earth (400km altitude) orbit, elfin* will provide unique, pitch-angle- and energy-resolved spectra of relativistic electron fluxes within the loss cone to determine whether they bear the characteristic signatures of equatorial scattering BY emic WAVES. comparing its observations with diffusion models for emic, chorus, magnetopause shadowing and other loss mechanisms elfin* will establish whether losses are dominated BY emic WAVES or are due to other processes. energetic particle detector (EPD) electron measurements (0.1-5mev), at resolution 11.25o (0.4o   0.8o at the equator at l5-7) resolving the loss-cone, including trapped particles achieve closure. if emic WAVES propagate to the ionosphere, elfin* s magnetometer (mag) will also detect them (desired, but neither necessary nor sufficient for closure). elfin* s integrated data analysis approach and rapid dissemination strategies via the space environment data analysis system (spedas, an off-spring of THEMIS) optimize science yield and ensure widest community benefits. elfin* s potential is compounded BY conjunctions with concurrent equatorial missions in 2016 (THEMIS, rbsp, ERG, MMS) that will complement its unique, loss-coneresolving spectra. our similar proposal to NSF in 2012 (elfin) is one of two front-runners but has not been selected (yet) due to programmatic considerations in a tough fiscal environment. if elfin is selected BY NSF, we hereby propose under h-TIDES to execute elfin* s star option. elfin* will build an identical satellite to NSF s elfin, and release it on the SAME Launch Vehicle into a formation orbit with its twin. spring-separation provides a natural variation of the inter-cubesat distance, with a full-orbit lap once PER 30days.elfin* s small-separation radiation belt crossings (0-15min, 33% of the time), will resolve the temporal variability (loss-cone fill rate) and spatial extent of the relativistic electron precipitation and determine its agreement with equatorial emic wave diffusion rates, over time scales comparable to such diffusion (minutes). thus, for at least 2 storm-time precipitation events over its baseline (6- month) mission, elfin* will determine the global role of emic WAVES on radiation belt precipitation. a radiation margin of&gt;2 and emphasis on parts selection for a&gt;1yr design-life is expected to double this science yield, to&gt;4 storms. elfin* resolves a fundamental space- and plasma-physics question related to relativistic electron scattering and loss in the outer radiation belt. its star option, if exercised, will determine the global effects of such scattering. for purposes of understanding space weather and fundamental plasma processes, determining storm-time outer belt electron loss rates and mechanisms is just AS importantas determining acceleration or transport. elfin* is therefore key in the heliophysics discipline s aspiration both for a comprehensive national space weather program and to understand  fundamental microscopic physics AS well AS the global system behavior , AS recommended BY the 2012 heliophysics decadal survey. elfin* directly addresses all three stated heliophysics objectives (in the 2010 SMD science plan) to understand: the  fundamental physical processes of the space environment , how  technological systems  are affected BY SOLAR variability  and  developing the capability to predict extreme and DYNAMIC conditions in space . these also tiedirectly to heliophysics science goals #2 and #4 listed in the decadal survey (p-s2). elfin* s approach to address losses system-wide BY integrating its unique dataset with those of other NASA missions addresses the primary recommendation of the decadal survey(fig. 1.2) for system-science with the integrated heliophysics system observatory."
2023,MD,MD-07,"Johns Hopkins University, The",NNX17AD34G,Modification P00005,NSSC - NASA Shared Services Center,"BALTIMORE, MD (District 07)",10/25/2022,01/31/2020,"Grant, Grant For Research","Educational - Corporate Entity Tax Exempt, Educational Institution, Nonprofit Organization, Private University Or College",$-870,$-870,[None Indicated],80-0120,,,"Objectives  when an interplanetary (ip) shock impacts the magnetosphere, ULF WAVES are generated within the magnetosphere. the WAVES interact with particles, leading to loss, radial transport, and acceleration of the particles. an ip shock generates three types of ULF WAVES: (1) a tailward propagating fast mode wave front, (2) standing alfven WAVES, (3) standing fast mode WAVES or cavity mode oscillations (cmos). previous studies extensively studied the properties of propagating fast mode wave fronts and standing alfven WAVES and their interaction with energetic electrons. however, excitation of cmos and their consequences on energetic electrons remain largely unknown. the objective of the proposed investigation is to improve our understanding of shock-induced cmos and their effects on energetic electrons. specifically, we will address the following questions. question 1. DO interplanetary shocks excite cavity mode oscillations (cmos) and what are the properties of the oscillations? question 2. how DO energetic electrons respond to cmos? methodology to be used to address the goals and objective we will identify ip shocks BY examining the sym-h index and determine the physical properties of the shocks using data from the THEMIS Spacecraft that are located in the SOLAR wind, or using the SOLAR wind omini data that incorporate all available SOLAR wind observations. magnetospheric response to ip shocks will be studied using data from the van allen probes (alternative names rbsp will be used in the remainder of the proposal), THEMIS, and other Spacecraft. we will run global mhd simulations to supplement the Spacecraft observation in gaining the global mode structure of ULF WAVES. we will examine the mechanism of observed particle modulations using test particle simulations in the electric and magnetic fields given BY the global mhd simulations. relevance to NASA objectives mhd WAVES mediate transfer of energy in a global scale. therefore, to understand their excitation, propagation, and dissipation is a major goal of magnetospheric research. this consideration makes the proposed investigation highly relevant to the decadal survey goal: ""determine the dynamics and coupling of earth s magnetosphere, ionosphere, and atmosphere and their response to SOLAR and terrestrial inputs."" the proposed investigation is also relevant to the goal of the rbsp mission ""provide understanding, ideally to the point of predictability, of how populations of relativistic electrons and penetrating ions in space form or change in response to variable inputs of energy from the sun"" [mauk et AL., 2013]. the investigation also has relevance to one of the THEMIS mission's baseline objective to address ""how the radiation belts are energized on time scales of 2 4 hours during the recovery phase of storms, and how the pristine SOLAR wind s interaction with upstream beams, WAVES and the bow shock affects sun earth coupling"" [angelopoulos, 2008], and GOES beyond it BY focusing on the initial phase of storms and interplanetary shocks."
2023,DE,DE-00,University Of Delaware,NNX17AI25G,Modification 6,NSSC - NASA Shared Services Center,"NEWARK, DE (District 00)",01/31/2023,08/31/2022,"Grant, Grant For Research","Educational - 1862 Land Grant College, Corporate Entity Tax Exempt, Educational Institution, Nonprofit Organization, Private University Or College",$-215,$-215,[None Indicated],80-0120,,,"The multi-scale coupling which leads to dissipation in collisionless plasma turbulence plays a fundamental role in the dynamics of the heliosphere. although it is well accepted that a nonlinear cascade is occurring in turbulent plasmas in the heliosphere leading to significant heating, the link between this cascade and the resultant heating is unclear. furthermore, intermittency and current sheets (both reconnecting and non-reconnecting) are prevalent in heliospheric plasma, but their role in the cascade and heating is only beginning to be understood. for this REASON, this proposal is focused on the ""triad of interactions"" that relate the cascade rates, the heating rates, and the reconnection rates in turbulent plasma. the main science question, therefore, of this proposal is: what is the relationship between cascade rates, heating rates, and reconnection rates in turbulence in the SOLAR wind and the earth's magnetosheath? the proposed research will focus on two key subquestions: (1) in turbulent plasmas, how does the cascade establish conditions for reconnection? and (2) what fraction of heating in turbulence is associated with reconnection and how does this vary with plasma and turbulence properties? BY ""heating,"" we mean in increase of the second moment of the distribution function. these two sub-questions will be addressed using fully kinetic particle-incell simulations and observations. these two and three dimensional simulations of decaying turbulence will include the lower end of the inertial range while still self-consistently including the physics of both ion and electron heating. the Spacecraft observations will focus on turbulence in the SOLAR wind and the earth's magnetosheath, using wind, THEMIS/artemis, cluster, and MMS observations. FIRST, the plasma conditions controlling current sheet structure and reconnection in turbulence will be examined. likely conditions to be studied are: cascade rate, turbulence amplitude, plasma beta and alfven ratio. second, this understanding of the statistics of reconnection and current sheets and the turbulent factors controlling them will be applied to current laminar reconnection heating knowledge to determine the role that heating associated with reconnection is playing in turbulent heating. this research relates best to the decadal survey goal 4: ""discover and characterize fundamental processes that occur both within the heliosphere and throughout the universe."" there is strong relevance of the proposed research to present and upcoming missions, given that reconnection, turbulence and heating, in various combinations, are central to the driving scientific questions behind the Magnetospheric Multiscale, SOLAR probe plus and SOLAR orbiter missions."
2024,AZ,AZ-07,Planetary Science Institute,80NSSC17K0723,Modification P00006,NSSC - NASA Shared Services Center,"TUCSON, AZ (District 07)",09/23/2024,09/25/2023,"Grant, Grant For Research","Non-Profit Institutions - Corporate Entity Tax Exempt, Nonprofit Organization",$0,$0,[None Indicated],,,,"Detailed dynamical analysis of the THEMIS asteroid family, a potential comet nursery"
2024,AK,AK-00,University Of Alaska Fairbanks,80NSSC19K0844,Modification P00007,NSSC - NASA Shared Services Center,"FAIRBANKS, AK (District 00)",09/06/2024,08/31/2025,"Grant, Grant For Research","Educational - 1862 Land Grant College, Educational Institution, State Government, US Government Entity",$0,$0,[None Indicated],,,,"The goal of this project is to construct the unprecedented, realistic maps of diffuse electron aurora and ionospheric conductance directly derived from inner magnetospheric wave scattering. auroral precipitation is an important magnetospheric input that ionizes the upper atmosphere and creates ionospheric conductance. strong conductance CAN cause strong joule heating of high-latitude atmosphere which in turn modifies the global magnetosphere   ionosphere   thermosphere (mit) coupling dynamics BY initiating a new global atmospheric circulation and an ion outflow. among several aurora types, diffuse electron aurora takes over 60% of the auroral precipitation [newell et AL. 2009], and therefore plays a dominant role in determining the ionospheric conductance. waveparticle interaction in the inner magnetosphere causes diffuse auroral precipitation. upper-band whistler mode chorus WAVES (ubc), lower-band whistler mode chrous (lbc) WAVES, and electron cyclotron harmonics (ech) are the three major contributors to diffuse aurora precipitation [ni et AL. 2016 and references therein]. since global distribution of wave activities has been quite difficult to observe, the wave impact on diffuse electron aurora has been tested only at local scale [e.g. ni et AL. 2012]. AS inner magnetospheric coverage have extensively expanded BY recent Spacecraft missions (e.g. cluster, THEMIS, rbsp), the statistical distributions of chorus and ech WAVES are recently available [meredith et AL. 2012 ni et AL. 2017]. thus, we reach a moment to calculate a global diffuse aurora map directly from the wave statistics and to test our understanding of the casualty at global scale. additionally, a FIRST-principle electron transport model has been developed and validated in the past few decades [e.g. rees and jones 1973 lummertzheim and lilensten 1994 solomon 2001 mcgranghan, 2014, 2016 grubbs 2018]. this mature model CAN provide accurate ionospheric conductance BY taking into account of ionization, excitation, and energy degradation along a journey of electrons inside the upper atmosphere. since the conductance is a key parameter that couples mit system, we CAN study the true impact of inner magnetospheric WAVES on the mit coupling BY calculating the wave-driven conductance maps. this project will answer the following outstanding questions: (1) what kind of diffuse aurora pattern each wave mode (ubc, lbc, ech) produces, (2) what kind of ionospheric conductance pattern each wave mode produces, (3) where, when, and to what extent each wave contributes to the diffuse aurora and ionospheric conductance, and (4) how well the wave-driven maps match the statistical aurora and conductance maps. we will conduct both modeling and statistical approaches. FIRST, we will obtain global diffuse aurora maps from the statistical ubc, lbc, and ech wave maps of meredith et AL. [2012] and ni et AL. [2017]. we will calculate an energy distribution of precipitating electrons BY solving a bounce-averaged fokker-planck equation with quasi-linear diffusion coefficients. second, we will obtain global ionospheric conductance maps from the wave-induced auroral maps. we will use the kinetic electron transport code of lummertzheim and lilensten [1994] for more accurate calculation of ionospheric conductance. third, we will investigate individual and combined impact of all three WAVES on diffuse aurora and ionospheric conductance. we will obtain statistical aurora/conductance maps from 5 years of TIMED/guvi observations. from the absolute and normalized comparison between the wave-induced and statistical maps, we CAN quantify each wave impact. this project will answer how much the inner magnetospheric WAVES contributes to diffuse aurora and ionospheric conductance, which is relevant to the heliophysics decadal survey goal  determine the dynamics and coupling of earth s magnetosphere, ionosphere, and atmosphere, and their response to SOLAR and terrestrial inputs."
2024,NH,NH-01,University System Of New Hampshire,80NSSC20K0701,Modification P00004,NSSC - NASA Shared Services Center,"DURHAM, NH (District 01)",03/20/2024,03/31/2025,"Grant, Grant For Research","Educational - 1862 Land Grant College, Corporate Entity Tax Exempt, Educational Institution, Nonprofit Organization",$0,$0,[None Indicated],,,,"Comparing signatures of ion heating from reconnection observed with MMS, THEMIS, and twins"
2024,CA,CA-12,"Regents Of The University Of California, The",80NSSC20K0708,Modification P00004,NSSC - NASA Shared Services Center,"BERKELEY, CA (District 12)",04/18/2024,03/31/2025,"Grant, Grant For Research","Educational - 1862 Land Grant College, Educational Institution, Other Not For Profit Organization",$0,$0,[None Indicated],,,,Understanding electron-scale electric field and density fluctuations in SOLAR wind kinetic turbulence using THEMIS/artemis data
2024,AZ,AZ-02,Northern Arizona University,80NSSC20K0870,Modification P00004,NSSC - NASA Shared Services Center,"FLAGSTAFF, AZ (District 02)",04/17/2024,04/05/2025,"Grant, Grant For Research","Educational - Educational Institution, School Of Forestry, State Controlled Institution of Higher Learning, State Government, US Government Entity",$0,$0,[None Indicated],,,,Improving THEMIS based compositional analysis accessibility generation of emissivity products and processing tools
2024,MI,MI-06,Regents Of The University Of Michigan,80NSSC20K1779,Modification P00004,NSSC - NASA Shared Services Center,"ANN ARBOR, MI (District 06)",08/23/2024,09/01/2025,"Grant, Grant For Research","Educational - Educational Institution, State Controlled Institution of Higher Learning, State Government, US Government Entity",$0,$0,[None Indicated],,,,"The objective is to identify in 1-second ground-magnetometer data large db/dt intervals, place them into SOLAR wind and geomagnetic context (storm and substorm correlation) and characterize the spectral properties of the events at previously under-studied highfrequency (on the order of hz) signatures. we will analyze decades of magnetometer data from scores of stations. our recent studies have found: (1) that a significant fraction (40%) of the largest db/dt events are not associated with substorms and (2) many of the largest db/dt within the e3/GIC time domain are preceded and/or accompanied BY large and more rapid fluctuations (e2). from this list, we will identify events that have both LEO (e.g., swarm, fast) and magnetospheric satellite (e.g., van allen probes, MMS, THEMIS) observations. though mapping uncertainties and the need to have broad conjunction criteria will make it difficult to find the  SAME  event on the ground and in space, we will characterize the field signatures (e.g., dipolarizations, compressions) and wave properties of the space-based observations to place the events into global context. we will then model select intervals with both models to understand the current and ionospheric electric field structures responsible for the fast and GIC signatures. we will address all three primary objectives ((1) determine the space context of db/dt, (2) characterize their temporal and spatial scales, and (3) using observations and models estimate the ideal spacing of ground-based observations) of the  magnetospheric and ionospheric processes responsible for rapid geomagnetic changes  fst."
2024,CO,CO-02,"Regents Of The University Of Colorado, The",80NSSC21K0518,Modification P00003,NSSC - NASA Shared Services Center,"BOULDER, CO (District 02)",06/28/2024,06/30/2025,"Grant, Grant For Research","Educational - Educational Institution, State Controlled Institution of Higher Learning, State Government, US Government Entity",$0,$0,[None Indicated],,,,"Understanding the mechanisms of build-up and decay of radiation belt electron fluxes is one of the fundamental problems of modern space physics that has important applications in relation to human technological systems. while significant progress has been achieved in understanding the electron acceleration mechanisms, our understanding of losses is still incomplete. in particular, the unusual structures such AS  storage  rings or multiple belts consisting of ultra-relativistic (~several mev) electrons have been frequently observed inside geosynchronous orbit. importantly, these high-energy electrons are difficult to shield against and are the most dangerous to Spacecraft instrumentation and astronauts. there is still an ongoing debate AS to whether these structures are formed due to electron escape into the interplanetary space or due to internal loss into the atmosphere. recent observations on the van allen probes and MMS show a new type of high-amplitude electromagnetic wave that may be a promising mechanism for energetic particle loss in the inner magnetosphere. these WAVES have frequencies at the oxygen cyclotron frequency and its harmonics and have been observed together with enhanced energetic oxygen fluxes, typical during geomagnetic storms. hence, we propose a study to investigate the characteristics of electromagnetic ion cyclotron harmonic WAVES and their potential role of in the dynamics of energetic particles in the earth s inner magnetosphere. this study will address the following questions: 1. where and under what conditions ion cyclotron harmonic WAVES are observed? what are the typical properties of these WAVES? this will be addressed BY data analysis alone. 2. what is the free energy for these WAVES? this will be addressed BY particle and wave observations, theory and simulations. 3. what is the ion cyclotron harmonic wave effect on energetic ions and electrons? this will be addressed BY conjugate NOAA poes/metop observations and the resonance condition analysis using linear theory. we will use a combination of wave and particle data throughout the whole duration of van allen probes and other current missions (e.g., THEMIS, MMS) to gain the most comprehensive cross-mission database of harmonic wave characteristics. satellite data will be used to obtain wave power and spectra, and background plasma density and ion velocity distributions. these parameters will be used AS input to linear theory and simulations to identify the free energy of these WAVES. NOAA energetic particle telescopes will be used to look at precipitation of energetic electrons and ions into the atmosphere in locations conjugate to cyclotron harmonic wave observations. this proposal is relevant to the main objectives of the NASA van allen probes mission:   quantify the loss of radiation belt electrons and determine the balance between competing acceleration and loss processes . it addresses the decadal survey goal  determine the dynamics and coupling of earth s magnetosphere...  BY directly observing signatures of wave-particle interactions in the inner magnetosphere. it will provide further understanding of the inner magnetosphere dynamics, mechanisms of electromagnetic ion cyclotron harmonic wave generation, and their potential role in the outer radiation belt dynamics during geomagnetic storms."
2024,CO,CO-02,Space Science Institute,80NSSC21K1680,Modification P00002,NSSC - NASA Shared Services Center,"BOULDER, CO (District 02)",09/13/2024,11/30/2024,"Grant, Grant For Research","Non-Profit Institutions - Corporate Entity Tax Exempt, Nonprofit Organization","$131,850",$0,[None Indicated],,,,"Collisionless shocks are ubiquitous in space and astrophysical plasmas, where they often provide one of the most efficient mechanisms for particle heating and acceleration. furthermore, planetary bow shocks control the interaction of the SOLAR wind with planetary magnetospheres (notably that of the earth), while the arrival of interplanetary (ip) shocks often triggers significant space weather events, such AS geomagnetic storms. it has long been recognized that in a collisionless plasma, where coulomb binary collisions are too infrequent to control energy dissipation around shocks, plasma WAVES and instabilities may play a crucial role in providing the energy dissipation necessary for the shock to exist. ion acoustic, lower-hybrid, whistler-branch, and other fast, short-wavelengths fluctuations are routinely observed in Spacecraft measurements and have been identified in relevant numerical simulations. yet, it remains unclear currently if these fluctuations play an essential role or, alternatively, are a relatively benign accompaniment to the shock which is ultimately controlled BY kinetic behavior of individual particles (such AS electrostatic and magnetic particle reflection). the goal of the proposed investigation is to address this uncertainty using a combination of high-resolution kinetic simulations and Spacecraft observations. methodology: the center element of the proposed work will be high-resolution (including those with cells size at or below debye length), fully kinetic particle-and-cell (pic) simulations. the simulations will be predominantly 2d. a small number of 3d targeting specific issues (such AS determination of the spectra of excited instabilities) may be conducted AS well. the simulations will use initial and boundary conditions corresponding to typical conditions observed at the earth s bow shock and ip shocks. the properties of the short-wavelength fluctuations and global structure of the shock (e.g. profiles of flow, temperature, particle distributions functions when available) will be compared to Spacecraft observations from wind, THEMIS, and MMS. electric and magnetic field data from both wind, THEMIS, and MMS will be analyzed in combination with particle data from thermal to suprathermal energies. the electromagnetic and electrostatic fluctuations will be identified and then compared to the observed particle distributions looking for evidence of free energy and/or the predicted effect of the WAVES on the particle distributions. we will compare to simulation results AS even with MMS, many of the interactions occur too quickly to directly observe the evolution of the particle distributions. we will determine the initial and final states of the particle distributions from simulations and use that knowledge to quantify the effect of the WAVES on the distributions in the observations. relevance of the problem to the heliophysics overarching goal: the proposal is directly relevant to the strategic objective  to understand the sun and its interactions with earth and the SOLAR system, including space weather  since shocks are widely recognized AS a major player in these interactions. the proposal directly addresses all three overarching science goals: i) to explore the physical processes at work in the space environment from the sun to earth and throughout the SOLAR system II) to advance our understanding of the connections between the sun, earth, the planetary space environments, and the outer reaches of our SOLAR system and III) to develop the knowledge and capability to detect and predict extreme conditions in space to protect life and society and to safeguard exploration beyond earth."
2024,CA,CA-12,"Regents Of The University Of California, The",80NSSC21K1692,Modification P00001,NSSC - NASA Shared Services Center,"BERKELEY, CA (District 12)",12/14/2023,10/31/2024,"Grant, Grant For Research","Educational - 1862 Land Grant College, Educational Institution, Other Not For Profit Organization","$326,362",$0,[None Indicated],,,,Tracing turbulent energy from fluid to electron kinetic scales using high resolution THEMIS data and kinetic simulations
2024,CA,CA-36,"University Of California, Los Angeles",80NSSC22K0749,Modification P00003,NSSC - NASA Shared Services Center,"LOS ANGELES, CA (District 36)",05/06/2024,03/08/2025,"Grant, Grant For Research","Educational - 1862 Land Grant College, Educational Institution, State Controlled Institution of Higher Learning, State Government, US Government Entity","$203,026",$0,[None Indicated],,,,"Coordinated THEMIS all sky imager, ground magnetometer, and radar evaluation of flow channel control of substorm expansion development"
2024,AZ,AZ-07,Planetary Science Institute,80NSSC22K1834,Modification P00004,NSSC - NASA Shared Services Center,"TUCSON, AZ (District 07)",09/16/2024,09/30/2025,"Grant, Grant For Research","Non-Profit Institutions - Corporate Entity Tax Exempt, Nonprofit Organization","$167,105",$1,[None Indicated],,,,"We propose to enhance marstherm BY augmenting its computer hardware with an additional server, making improvements to the thermal modeling and thermal-inertia derivation codes, and upgrading its web interface and functions. our code improvements will include porting of an existing multilayer fortran-90 subsurface thermal model and a state-of-the-art 1-d atmospheric thermal model to python 3+, AS a means to increase the future pool of collaborators and facilitate integration with the web interface. our changes will provide new capabilities to marstherm that include the option of specifying up to five layers of distinct subsurface materials and the use of temperature-dependent conductivity in the subsurface. we will also port the existing fortran-77 thermalinertia derivation code to python 3+ and generate a new 10-dimensional lookup table that allows two layers of distinct materials AS well AS variable dust- and water-ice opacities. the new derivation code and lookup table will be used to generate a library of heterogeneity model output for comparison to tes and THEMIS results. beyond the integration of new modeling and derivation codes, we intend to provide other upgrades to the web interface such AS (1) mosaicking of THEMIS ATI images within areas of interest, (2) porting of the website driver software from python 2 to python 3+, and (3) general modernization of the user interface. in addition, we will conduct  benchmark  analyses comparing the two most widely used models (marstherm and krc) for analyzing thermophysical data from mars, and we will publish those results AS a publicly accessible database. the proposed work is of direct relevance to the pdart program for several reasons. marstherm currently provides a publicly accessible interface that allows higher-order analysis of tes and THEMIS data and enables users to run widely used numerical thermal modeling code. over 140 researchers around the world ACCESS these data and tools, with new users signing into the system on a monthly basis. the work proposed will increase the quality of marstherm tools and further broaden their availability and usefulness for planetary science research and exploration, thereby enhancing future scientific investigations. apart from that needed for code verification purposes, no analysis, interpretation, or product generation for Spacecraft data is included in the proposed work. appropriate codes will be delivered to NASA's github repository."
2024,CA,CA-32,"University Of California, Los Angeles",80NSSC23K0096,Modification P00001,NSSC - NASA Shared Services Center,"LOS ANGELES, CA (District 32)",09/16/2024,10/16/2025,"Grant, Grant For Research","Educational - 1862 Land Grant College, Educational Institution, State Controlled Institution of Higher Learning, State Government, US Government Entity","$246,654",$0,[None Indicated],,,,"It has been long observed that key physical processes, such AS plasma density, magnetic field, and wave power, which control the dynamics of earth s radiation belts vary spatially and temporally on the order hours or less. however, due to computational limitations it has been common to use only statistical estimates of these processes and a dipole approximation, for quasi-linear diffusion coefficient computations, necessary for diffusive modeling of the radiation belt system. hence, this variability has never been truly captured in our simulations, and our understanding of the importance of each physical process has been cloaked BY the introduced error and bias. the goal of the proposed effort is to employ time and space-varying parameters to fully quantify the geomagnetic-activity-dependent importance of (a) wave type and intensity, (b) plasma density, and (c) magnetic field, in driving non-adiabatic electron acceleration and loss in earth s radiation belts. methodology the quasi-linear diffusion coefficients are originally computed using the ucla full diffusion code, and then compiled into a parametric model that allows a fast look-up-table approach to be employed. the fast quasi-linear diffusion coefficient computations accurately reproduce results from the traditional computation methods but are over 250,000 times faster. the diffusion coefficients are then ingested into verb4d and ucla diffusion code simulations to specify the radiation environment. the model initial and boundary conditions utilize multi-Spacecraft bias-corrected phase space density dataset, including THEMIS, van allen probes, GOES, GPS, cluster, and MMS observations. empirical wave data are obtained from the SAME set of Spacecraft. event-specific wave power, AS a function of l and mlt is obtained from the poes Spacecraft, and recently developed Machine Learning models. event-specific density is also derived from a recently developed Machine Learning model. simulations will employ an ensemble-based short-term analysis method, that relies on distributions of our initial conditions, boundary conditions, and model parameters. using median-symmetric accuracy and signed-symmetric percentage bias, we will determine the optimal ensemble member for each time period, and the conditions and parameters, which minimize the model error and bias. we will also compute the standard deviation in our ensembles to determine the sensitivity of the simulations to the conditions and parameters under different geomagnetic conditions. the best simulation will then be used AS a restart initial condition for the next time period. verification will employ in situ flux observations from van allen probes, GOES, and GPS Spacecraft across multiple energies and l-shells. a variable and sliding window of simulation start time will be used to investigate any dependence on the time scale, and to ensure that there is no bias AS a result of the start time used. the results will be combined into new parametric models that will allow event-specific modeling for historic periods and in NEAR REAL-time applications. relevance the proposed effort will resolve the importance of magnetospheric WAVES and plasma conditions across multiple geomagnetic conditions, BY performing extensive physics-based modeling based on the data from NASA Spacecraft missions. our proposal will address the specific objectives 1 and 3 of NASA heliophysics research program. the analysis technique will allow exploration of characterization of the physical processes in the space environment. the ensemble-driven model will develop the knowledge and capability to detect and predict extreme conditions in space to protect life and society and to safeguard human and robotic explorers beyond earth."
2024,MD,MD-04,"University Of Maryland, College Park",80NSSC23K0255,Modification P00001,NSSC - NASA Shared Services Center,"COLLEGE PARK, MD (District 04)",04/02/2024,04/02/2024,"Grant, Grant For Research","Educational - 1862 Land Grant College, Educational Institution, State Controlled Institution of Higher Learning, State Government, US Government Entity","$-69,932","$-69,932",[None Indicated],,,,"Refactor aurora.ASI.lib to support THEMIS, rego, and trex all sky imagers"
2024,MD,MD-04,"University Of Maryland, College Park",80NSSC24K0653,Modification 0 (Base Record),NSSC - NASA Shared Services Center,"COLLEGE PARK, MD (District 04)",03/04/2024,01/11/2025,"Grant, Grant For Research","Educational - 1862 Land Grant College, Educational Institution, State Controlled Institution of Higher Learning, State Government, US Government Entity","$124,017","$124,017",[None Indicated],,,,Statistical and CASE studies of compressional pc5 pulsations observed BY THEMIS in the dawn and dusk sectors of the magnetosphere
2024,MD,MD-07,The Johns Hopkins University,80NSSC24K0723,Modification 0 (Base Record),NSSC - NASA Shared Services Center,"BALTIMORE, MD (District 07)",04/03/2024,04/02/2025,"Grant, Grant For Research","Educational - Corporate Entity Tax Exempt, Educational Institution, Nonprofit Organization, Private University Or College","$69,932","$69,932",[None Indicated],,,,"Refactor aurora ASI lib to support THEMIS, rego, and trex all sky imagers"
2025,TX,TX-32,University Of Texas At Dallas,80NSSC19K0283,Modification P00005,NSSC - NASA Shared Services Center,"RICHARDSON, TX (District 32)",03/20/2025,03/31/2024,"Grant, Grant For Research","Educational - Educational Institution, State Controlled Institution of Higher Learning, State Government, US Government Entity","$-4,760","$-4,760",[None Indicated],,,,"The Magnetospheric Multiscale (MMS) data (magnetic field from FGM, electric field from EDP and particle from EIS) will be used to analyze the emic WAVES and proton beta. the vap data (magnetic field from FGM, electric field from efw and proton data from hope) will be used to analyze the emic WAVES and proton beta. the THEMIS data (magnetic field from FGM and proton from ESA) will be used to analyze the emic WAVES and proton beta. the cluster data (magnetic field from FGM, electric field from efw and proton from codif) will be used to analyze the emic WAVES and proton beta. the omni dataset will be used to characterize the Interplanetary Magnetic Field, SOLAR wind activity and geomagnetic activity relating to the WAVES."
2025,IA,IA-01,"University Of Iowa, The",80NSSC19K0491,Modification P00007,NSSC - NASA Shared Services Center,"IOWA CITY, IA (District 01)",12/13/2024,06/30/2026,"Grant, Grant For Research","Educational - Educational Institution, State Controlled Institution of Higher Learning, State Government, US Government Entity","$512,686","$512,686",[None Indicated],,,,"This three year proposal will support the development, optimization, and testing of chimera - a hybrid magnetometer that simultaneously operates AS both a search coil and a fluxgate. chimera is expected to provide reasonable sensitivity from DC to 10 khz from a single, compact sensor requiring only one deployable boom. this is particularly useful for small Spacecraft and cubesats, where multiple deployable booms are challenging so even modest sensitivity over this broad range is significant. the hybrid design builds on established fluxgate and search coil technology with decades of heritage operating in extreme and hostile environments. chimera is aligned with the NASA technology roadmap in technology area 8.3.3 in situ - instruments and sensors and will advance from TRL-3 (Technology Readiness Level) to TRL-6. science missions have often needed a Search Coil Magnetometer for high frequencies and a fluxgate for the static field and low frequencies. these two instruments interfere with each other - the search coil detecting the DRIVE signal from the fluxgate and the ferromagnetic core providing magnetic gain in a search coil distorting the field measured BY the fluxgate. the two resulting deployable booms affect Spacecraft control and CAN impinge the field of view of other instruments. a proof-of-concept laboratory prototype of chimera has demonstrated how to operate a racetrack fluxgate sensor AS both a fluxgate and a Search Coil Magnetometer using essentially the SAME hardware already present in a typical fluxgate instrument. the two sensing techniques CAN operate simultaneously without interfering in a hybrid sensor engineered to accommodate both effects. the proposed project supports early career development for the PI, david m. miles, and higher education training for one graduate student and three undergraduate research assistants. a flight-ready hybrid magnetometer enables the investigation of multiple science questions under the NASA heliophysics overarching science goal to:  advance our understanding of the connections between the sun, earth, the planetary space environments, and the outer reaches of our SOLAR system . a hybrid magnetometer is ideally suited for future missions including: a constellation follow-on to the recent funded gtosat radiation belt cubesat, daughter payloads deployed from the Geospace Dynamics Constellation (GDC), or small ride along Spacecraft that have been suggested for future planetary missions. magnetic field data from DC   10 khz from these missions would be important in addressing, respectively, three science goals identified in SOLAR and space physics: a science for a technological society: swmi science goal 4. establish how energetic particles are accelerated, transported, and lost swmi science goal 7. determine how magnetosphere-ionosphere-thermosphere coupling controls system-level dynamics and swmi science goal 8. identify the structures, dynamics, and linkages in other planetary magnetospheric systems. we have defined three investigation objectives to ensure that the hybrid magnetometer developed under this proposal is suitable for the broad spectrum of future heliophysics missions which require magnetic field measurements. 1) EXPAND the DC   2 khz bandwidth of the current hybrid magnetometer prototype to provide magnetic field measurements from DC   10 khz from a single magnetometer sensor. 2) optimize the search coil action of the hybrid magnetometer to achieve noise and sensitivity within a factor of four of that achieved BY comparably sized traditional search coil sensors (e.g., rbsp, THEMIS) 3) scale down the hybrid magnetometer sensor to nanosatellite geometry (&lt; 10 x 10 x 10 CM^3) while preserving scientifically useful sensitivity from DC-10 khz. chimera will enable high fidelity magnetic field studies on future smallsat/cubesat heliophysics missions around the earth, the moon, and other planetary bodies."
2025,MT,MT-00,"Montana State University, Inc",80NSSC19K0702,Modification P00009,NSSC - NASA Shared Services Center,"BOZEMAN, MT (District 01)",03/25/2025,09/30/2025,"Grant, Grant For Research","Educational - Educational Institution, State Controlled Institution of Higher Learning, State Government, US Government Entity",$0,$0,[None Indicated],,,,"Electron microbursts are short (~100ms) intensifications in precipitation that have been observed BY x-ray sensing balloons and in situ BY satellites since the 1960s. despite a long history of observation much remains unknown of the phenomenon including the underlying mechanism and the relative importance of this precipitation. two important pieces of information about microbursts that are not well measured are the scale size of bursts and the distribution of bursts across the region. satellite observations, typically from low earth orbit, traverse the precipitation region at ~8km/s, making determination of the scale size and distribution across the sky difficult. bursts are often described AS occurring like raindrops in the region, but the rapid cross-l cuts of even multiple Spacecraft cannot see the rainstorm for the drops. indirect measurements of microburst scale size from a LEO satellite have come up with sizes AS small AS a few tens of gyroradii at 600km (~ 1 km) [blake, 1996]. combining ground-based measurements with sampex data, dietrech et AL. [2010] established a statistical estimate of microbursts AS sized &lt; 4km, while the firebird dual cubesats saw coincident bursts on Spacecraft separated BY ~11km [crew, 2016], showing that some bursts were at least of this size. however, the actual size from two LEO points is only a lower limit on the size of a particular burst. looking at the statistical distribution of those lower bounds could reveal the scale size, but firebird had relatively few measurements at relevant scales before they separated. parks [1966] used 4 collimated detectors from a short-duration balloon and determined that the scale size of &gt;30 kev microbursts was ~40km. no existing measurement has shown a clear distribution of scale sizes or the distribution of the bursts across the sky. the goal of the proposed mission is to directly image the spatial scale and distribution of microbursts. the discovery of intense chorus WAVES and subsequent statistical analyses based on cluster and THEMIS data indicated that, during geomagnetic activity, wave amplitudes regularly exceed the threshold for non-linear trapping and that large-amplitude WAVES have a significant parallel component of the electric field. a landau resonance with oblique whistler WAVES CAN rapidly (less than one bounce period) accelerate and precipitate electrons, providing bursty precipitation of 20 to 200 kev electrons. one defining characteristic of such bursty precipitations would be their spatial localization which should correspond to the localization of chorus wave generation and coherence scales (evolved from multi-Spacecraft measurements) scaled to precipitation altitudes. high-timeresolution measurements of microbursts together with their spatial fine structure will provide the FIRST direct evidence to test recent theories connecting microbursts with nonlinear whistlers and improve our knowledge of an important magnetospheric wave-particle interaction. the proposed mission is to fly a balloon-borne x-ray imager with temporal and angular resolution capable of directly measuring the scale and distribution of microbursts. balloon payloads are effectively stationary under the precipitation region and are sensitive to locally precipitating electrons from 20kev to several mev, but previous balloon payloads could not produce images at these energies at microburst timescales. directly imaging microbursts across the field of view of the balloon will allow direct comparison to wave distributions, whistler-wave scale size, and coherence scales within whistlers. measuring the spatial and temporal distribution on the sky will answer questions that cannot be solved BY single point or even a small number of point measurements made BY LEO satellites that are rapidly moving through the precipitation region. direct measurements of the precipitation scale will also make the FIRST quantification of electron losses in individual bursts."
2025,NH,NH-01,University System Of New Hampshire,80NSSC20K1818,Modification P00005,NSSC - NASA Shared Services Center,"DURHAM, NH (District 01)",03/24/2025,09/07/2025,"Grant, Grant For Research","Educational - 1862 Land Grant College, Corporate Entity Tax Exempt, Educational Institution, Nonprofit Organization","$107,408",$0,[None Indicated],,,,"Objectives magnetic storms CAN cause critical hazardous for our technologies with imposing geomagnetic induced current (GIC) through our infrastructure like power grids, railways, and pipelines. in this project, we AIM to address the following issues: - what are the GIC variations under different geomagnetic conditions. for example, during quiet times, CAN bbfs (bursty bulk flows ) generate substantial gics how much GIC CAN be generated during substorms, and how are they related to substorm strength how DO different types of storms (CME, CIR) generating gics. - we extent the studies to extreme storms, such AS carrington-class events or the STEREO-a event. - we will examine if there are any specific ways in which gics are pre-conditioned. for example, does a sequence of storms (such AS during the halloween storms) lead to more intense gics? - DO gics generated BY different drivers have different GIC distributions and extents. for example, is the GIC from a substorms more spatially confined than that generated BY a SSC or a storm? methodology: in this project, we use global mhd magnetosphere, inner magnetosphere, and ionosphere coupled model, openggcm-RCM-ctim. the model computes many key electric currents in the magnetosphere and ionosphere (MI) system. in particular, magnetopause and tail currents in the magnetosphere, ring current, field aligned current (fac) between magnetosphere and ionosphere, and ionosphere currents on 2d shell at 110 km. the latter are represented on a 0.5 (lat) BY 3.0 (lon) degree mesh. from the currents, db/dt on the ground CAN be calculated in different ways, like biot-savart (b-s) integration over equivalent currents or full b-s integration over all MI current systems. practical time resolution CAN be AS little AS 1 second. the models are tested to various degrees separately. using the models in unison will allow to test the entire chain of processes that lead to GIC. with proper ground data the validity of the approach CAN be tested. it is important to introduce statistical errors associated with the model. data assimilation technique will be used to determine these errors in the model. we also use available data such AS the ground magnetometers, DMSP, THEMIS/MMS for substorms, image and ASI cameras for aurora, and more importantly ampere which provides direct global and large scale structures of fac. contributions to the fst effort we will particularly address LWS topic numerical simulations using SOLAR wind MI coupling models with the goal of investigating the role of SOLAR wind in driving gics AS well AS analysis of current and historic satellite and ground data sources during extreme GIC times with the goal of discovering any preconditions necessary for extreme gics."
2025,TX,TX-32,University Of Texas At Dallas,80NSSC21K0728,Modification P00004,NSSC - NASA Shared Services Center,"RICHARDSON, TX (District 32)",03/24/2025,03/31/2026,"Grant, Grant For Research","Educational - Educational Institution, State Controlled Institution of Higher Learning, State Government, US Government Entity",$0,$0,[None Indicated],,,,"Whistler mode WAVES, which are often found in the earth s magnetosphere, play important roles in magnetospheric dynamics. they control pitch angle and energy scattering of relativistic electron dynamics and lead to electron precipitation AS an energy input for the ionosphere. the ability of whistler WAVES to propagate in space enables the electron scattering not only in the source region but also in the region through which the WAVES CAN PASS. there exist two propagation theories, nonducted or ducted. the ducted mode requires the presence of density irregularities, which enables the signal well confined along a magnetic field line (wave normal being along the field-aligned direction). those density irregularities, which are present in many parts of the magnetosphere, CAN determine to a large extent the propagation of whistler WAVES, and affect the efficiency of wave-particle interaction. forecasting and specification of these irregularities is a major component of space weather programs. while the cold plasma dynamics is mainly regulated BY magnetospheric convection and ionospheric source processes, the statistic characteristics of fine-scale plasma density structures inside the plasmasphere remain widely unknown. such ducted propagation has been reported to modulate whistler-mode plasmaspheric hiss WAVES. however, no attempt is made to quantify the relation between density irregularities and plasmaspheric hiss intensity. we propose to study the following science questions? (1) what are the characteristics and preferred conditions for the observed density irregularities inside the plasmasphere? (2) how DO those density irregularities affect the propagation of whistler-mode plasmaspheric hiss WAVES? mission data: the van allen probes (vap) data (emfisis suite consisting of wfr and hfr) are used to obtain whistler wave mode waveform and upper hybrid lines. vap and THEMIS potential-derived plasma density measurement is also used. vap hope electron data are used to estimate whistler wave gain. the omni dataset will be used to obtain geomagnetic indexes. methodology: for sq1, we will use the van allen probes hfr instrument, which measures density-dependent upper hybrid lines. we will take advantage of twin van allen probes and three inner THEMIS satellites to obtain characteristics of plasma density irregularities, including spatial scales, spatial distribution, and their dependence on geomagnetic conditions. for sq2, we will use van allen probes wfr instruments to evaluate plasmaspheric hiss amplitude and evaluate linear growth rate using the observed hope data. we will evaluate the quantitative relation between hiss wave intensity variation and plasma density structures. BY revealing statistic characteristics of plasmaspheric density irregularities and quantitative relation between plasmaspheric density variation and the important radiation belt loss agent plasmaspheric hiss, our study is relevant to scientific problems identified in the 2009-2030 heliophysics roadmap objective h2:  understand changes in the earth s magnetosphere, ionosphere, and upper atmosphere to enable specification, prediction, and mitigation of their effects , and also relevant to the overall objective of van allen probes mission,  provide understanding, ideally to the point of predictability, of how populations of relativistic electrons in space change in response to variable inputs of energy from the sun."
2025,CO,CO-02,"Regents Of The University Of Colorado, The",80NSSC21K0882,Modification P00005,NSSC - NASA Shared Services Center,"BOULDER, CO (District 02)",08/20/2025,04/13/2026,"Grant, Grant For Research","Educational - Educational Institution, State Controlled Institution of Higher Learning, State Government, US Government Entity",$0,$0,[None Indicated],,,,"The south polar layered deposits (spld) of mars are composed of perennial water ice and dust that surround the co2-dominated residual ice cap (sric). the spld, much like the north polar layered deposits (npld), are thought to contain an obliquity-driven climate signal. however, unlike the npld, the spld surface age from numerous previous crater counting studies places the deposit at least orders of magnitude older than the npld surface, and perhaps 10s of myrs old (FAR exceeding the modeled ~5 myr total lifetime of the npld). low radar reflectivity zones (lrzs) under the sric are highly likely to be co2 ice deposited in previous ~100 kyr climate variations, while the compositions and depositional history of lrzs underlying the spld are still not well constrained. the composition and timing of these deposits are key for understanding how the spld accumulated. additionally, the spld s potentially complex erosional history, indicated BY its high bulk dust content compared to the npld, complicates unraveling what climate record could be contained within the deposit. these features make the spld enigmatic but crucial to understanding the amazonian water ice mass balance of mars, and BY extension martian climate history. a geologic map of the south polar region of mars would provide necessary context to serve AS the foundation for these interpretations however, a high-resolution/low-map-scale geologic map is not currently available. the proposed work will produce a United States Geological Survey (USGS) science investigation map of the south polar region of mars (70  s to 90  s) at a final map scale of 1:2,000,000. we will use the THEMIS daytime IR mosaic (100 m/pixel) AS our primary basemap, with mars context camera (ctx) and mars orbiter laster altimeter (mola) AS supplemental datasets."
2025,MA,MA-07,Trustees Of Boston University,80NSSC21K1321,Modification P00004,NSSC - NASA Shared Services Center,"BOSTON, MA (District 07)",06/09/2025,06/30/2026,"Grant, Grant For Research","Educational - Corporate Entity Tax Exempt, Educational Institution, Nonprofit Organization, Private University Or College",$0,$0,[None Indicated],,,,"Science goal and objectives: our goal is to determine the relation between GPS radio signal scintillation and plasma conditions in three key regions in the highlatitude ionosphere (cusp, nightside auroral oval, and polar cap). the goal will be achieved BY addressing three science questions: (1) how are scintillation occurrence and strength related to ionosphere conditions? (2) what types of auroral and airglow forms are related to scintillation? (3) what are the wavenumber spectra of f-region ionosphere density irregularities during scintillation? methodology: the scintillation will be identified using the canadian high arctic ionospheric network (chain) GPS receiver data. the ionosphere density will be obtained from tec given BY individual receiver-satellite combinations. the flow velocity will be obtained from the superdarn radars and swarm satellites. THEMIS and rego all-sky imagers will be used to determine auroral intensity and structure. the density irregularity spectra will be provided from the swarm satellites. CASE studies and linear correlation analyses will be performed for determining the relation among scintillation, tec, flow velocity, auroral intensity, and their gradients. nonlinear correlations and causality will be identified through the application of information theory. for nightside and polar cap scintillation, the imager data will be used to find the types of auroral and airglow forms for identifying what auroral forms and airglow structures are related to scintillation occurrence. when the swarm satellites are in conjunction with the chain network, the slope of the density wavenumber spectra will be calculated to find what cascading processes contribute to formation of density irregularities. the findings from these works will be used to identify what type of instability (e.g, gradient drift instability and kelvin-helmholtz instability) is consistent with the observation. proposed contributions to the fst effort and relevance to the fst: the proposed study will provide observational specification of the occurrence conditions of the scintillation in the high-latitude ionosphere. the relation between scintillation and ionospheric structures (tec, flow, precipitation and in-situ density structure) will observationally show what types of forcing to the ionosphere are important for creating scintillation, and what instability mechanisms explain the scintillation occurrence. these expected findings will directly address the goal of the fst ""understand and model the conditions that lead to the onset and evolution of ionospheric irregularities and resulting scintillation events at low, mid and high latitudes."", and two of the fst objectives ""identify the mechanisms and structures that are responsible for ionospheric irregularities and scintillations "" and ""identify the instability mechanisms responsible for polar f-region irregularities"". the observational work is complementary to proposals that will conduct numerical simulations of scintillation. our work will provide observational constraints of the simulation setup of ionosphere conditions and will assist interpretation of the physical mechanisms of simulated density irregularities and scintillation. information theory CAN also provide a novel approach to model verifications and validations. the traditional model-data comparison methodology of comparing simulation with data at a particular point in space and time CAN be supplemented with comparing information flow from input to intermediate and to output variables in the simulation and observational data. our work on high-latitude scintillation in north america is complementary to studies of scintillation at low/midlatitudes and other longitudes/hemispheres and will contribute for comparing similarities and differences in scintillation at various regions."
2025,CA,CA-36,"University Of California, Los Angeles",80NSSC21K1407,Modification P00002,NSSC - NASA Shared Services Center,"LOS ANGELES, CA (District 36)",11/21/2024,08/31/2026,"Grant, Grant For Research","Educational - 1862 Land Grant College, Educational Institution, State Controlled Institution of Higher Learning, State Government, US Government Entity","$250,308",$0,[None Indicated],,,,Investigations of the NEAR-moon plasma and magnetic field environment with three-point measurement BY THEMIS-artemis and HERMES
2025,TX,TX-20,Southwest Research Institute,80NSSC23K0417,Modification P00003,NSSC - NASA Shared Services Center,"SAN ANTONIO, TX (District 20)",03/20/2025,04/09/2026,"Grant, Grant For Research","Non-Profit Institutions - Corporate Entity Tax Exempt, Nonprofit Organization","$193,271",$0,[None Indicated],,,,"Spacecraft (S/C) crossing the magnetopause often observe a single transient structure or a series of bipolar signatures in the magnetic field component normal to the magnetopause (bn). numerous observations of these signatures, termed AS flux transfer events (ftes), have established their typical signatures, including enhanced magnetic field strength due to a strong core field at/around the bn reversal. most of these signatures have been explained BY their generation via single- or multiple-x-line reconnection. however, a large portion of observed ftes displays more complex core field signatures than a simple enhancement. the core field maximum CAN be bracketed BY two minima, or the core field enhancement CAN display a local minimum NEAR the center. these types of ftes are commonly referred to AS crater ftes and the two distinct profiles have been described AS w- and m-shaped. although these crater ftes have been proposed to be early-stage ftes, or associated with a back-and-forth S/C motion relative to typical ftes or a separatrix crossing, the substructures and formation mechanism of atypical ftes including crater ftes have not been established. furthermore, recent observations indicate that magnetic reconnection occurring at the leading edge or at the center of ftes may erode magnetic flux contained in ftes, thus contributing to the evolution of ftes and their structures. the goal of this project is to discover the kinetic processes underlying various substructures of atypical ftes and to understand how these micro (electron)-to-meso (ion)-scale dynamics determine the meso-to-macroscopic properties and time-varying nature of ftes. this goal is achieved BY completing two objectives: o1: determine the kinetic processes underlying atypical ftes with different substructures. o2: understand how kinetic processes determine cross-scale properties and evolution of ftes. BY completing these two objectives, we determine how localized dynamics such AS reconnection, flow shear, wave activity, and energy dissipation regulate the characteristics of ftes, constructing the full context of topology and evolution of  typical atypical ftes . to complete o1-2, to complete these objectives, we utilize a combination of observational and theoretical methodologies. this combination incorporates the ample MMS observations of atypical ftes, reconstruction techniques, particle-in-cell (pic) simulations, and theoretical analysis. MMS with its high-resolution measurements enables us to resolve the detailed substructures of ftes. fours/ c analyses, including force analysis and quantitative testing of kinetic-scale physics, allow us to investigate the micro/meso-scale physics underlying substructures of ftes (o1). we additionally use ACE/wind/geotail/cluster/THEMIS/artemis/DSCOVR data to determine SOLAR wind and boundary conditions for fte occurrences. we employ 4-S/C observations of ftes to place their spatio-temporal variations in context of cross-scale properties and evolution of ftes (o2). BY synthesizing in-situ observations and simulations, we determine whether or not the local kinetic dynamics link to certain types of atypical ftes and how these physical processes lead to energy conversion and regulate the evolution of ftes, which are highly relevant to the coupling of the SOLAR wind and earth s magnetosphere. understanding the formation, structure, and evolution of ftes improves our understanding of the connections between SOLAR variability and earth space environments, directly relevant to the heliophysics overarching goal. in particular, our program addresses one of the most fundamental physical processes, i.e., magnetic reconnection that occurs from the sun to the heliosphere and throughout the universe, which is entirely relevant to the goals of the MMS mission."
2025,CA,CA-36,"University Of California, Los Angeles",80NSSC25K8000,Modification 0 (Base Record),NSSC - NASA Shared Services Center,"LOS ANGELES, CA (District 36)",07/24/2025,12/31/2025,"Grant, Grant For Research","Educational - 1862 Land Grant College, Educational Institution, State Controlled Institution of Higher Learning, State Government, US Government Entity","$77,712","$77,712",[None Indicated],,,,This is a proposal to compare THEMIS and arase observations of hiss plasma WAVES in the magnetosphere with radiation events observed BY armas dosimeter observations from aircraft in the earth's atmosphere.
